EBELN,EBELP,LIFNR,NAME1,MATNR,TXZ01,MATKL,BUKRS,EKORG,EKGRP,WERKS,MENGE,MEINS,NETPR,WAERS,NETWR,BEDAT,EINDT,BUDAT,KONNR,ZTERM,FRGKE,ERNAM,AENAM,CHANGE_COUNT
4500001,00010,0000100001,Nordwind Industrie GmbH,MAT-100098,Precision adapter type 15 (Raw steel and metals),MG20,1000,1000,P04,1020,307.0,TO,14.06,EUR,4316.42,2025-01-16,2025-02-06,2025-02-01,460001298,NT30,Approved,BUYER07,BUYER07,4
4500001,00020,0000100001,Nordwind Industrie GmbH,MAT-100266,Precision clamp type 39 (Raw steel and metals),MG20,1000,1000,P04,1020,263.0,TO,9.84,EUR,2587.92,2025-01-16,2025-02-06,2025-02-01,460001466,NT30,Approved,BUYER07,BUYER07,0
4500002,00010,0000100001,Nordwind Industrie GmbH,MAT-100098,Precision adapter type 15 (Raw steel and metals),MG20,1000,1000,P04,1010,244.0,TO,14.96,EUR,3650.24,2025-02-14,2025-03-14,2025-03-10,460001298,NT30,Approved,BUYER09,BUYER09,1
4500003,00010,0000100001,Nordwind Industrie GmbH,MAT-100203,Compact seal ring type 30 (Office and facility supplies),MG35,1000,1000,P02,1020,316.8,PC,27.46,EUR,8699.33,2025-04-01,2025-04-16,2025-04-12,460001403,NT30,Approved,BUYER09,BUYER09,3
4500004,00010,0000100001,Nordwind Industrie GmbH,MAT-100266,Precision clamp type 39 (Raw steel and metals),MG20,1000,1000,P06,1020,235.84,TO,10.23,EUR,2412.64,2025-05-15,2025-06-08,2025-06-07,460001466,NT30,Approved,BUYER01,BUYER01,3
4500004,00020,0000100001,Nordwind Industrie GmbH,MAT-100539,Insulated cartridge type 38 (Office and facility supplies),MG35,1000,1000,P06,1020,82.72,PC,74.56,EUR,6167.6,2025-05-15,2025-06-08,2025-06-07,460001739,NT30,Approved,BUYER01,BUYER01,0
4500005,00010,0000100001,Nordwind Industrie GmbH,MAT-100266,Precision clamp type 39 (Raw steel and metals),MG20,1000,1000,P01,1010,393.0,TO,9.78,EUR,3843.54,2025-06-26,2025-07-27,2025-07-28,460001466,NT30,Approved,BUYER04,BUYER04,1
4500005,00020,0000100001,Nordwind Industrie GmbH,MAT-100385,Compact gasket type 16 (Maintenance services),MG45,1000,1000,P01,1010,22.0,EA,145.57,EUR,3202.54,2025-06-26,2025-07-27,2025-07-28,460001585,NT30,Approved,BUYER04,BUYER04,3
4500005,00030,0000100001,Nordwind Industrie GmbH,MAT-100539,Insulated cartridge type 38 (Office and facility supplies),MG35,1000,1000,P01,1010,379.0,PC,75.57,EUR,28641.03,2025-06-26,2025-07-27,2025-07-28,460001739,NT30,Approved,BUYER04,BUYER04,0
4500005,00040,0000100001,Nordwind Industrie GmbH,MAT-100098,Precision adapter type 15 (Raw steel and metals),MG20,1000,1000,P01,1010,25.0,TO,15.02,EUR,375.5,2025-06-26,2025-07-27,2025-07-28,460001298,NT30,Approved,BUYER04,BUYER04,0
4500006,00010,0000100001,Nordwind Industrie GmbH,MAT-100539,Insulated cartridge type 38 (Office and facility supplies),MG35,1000,1000,P02,1010,336.0,PC,75.31,EUR,25304.16,2025-07-26,2025-08-20,2025-08-20,460001739,NT30,Approved,BUYER03,BUYER03,0
4500006,00020,0000100001,Nordwind Industrie GmbH,MAT-100385,Compact gasket type 16 (Maintenance services),MG45,1000,1000,P02,1010,43.0,EA,150.38,EUR,6466.34,2025-07-26,2025-08-20,2025-08-20,460001585,NT30,Approved,BUYER03,BUYER03,1
4500006,00030,0000100001,Nordwind Industrie GmbH,MAT-100266,Precision clamp type 39 (Raw steel and metals),MG20,1000,1000,P02,1010,101.0,TO,9.67,EUR,976.67,2025-07-26,2025-08-20,2025-08-20,460001466,NT30,Approved,BUYER03,BUYER03,4
4500007,00010,0000100001,Nordwind Industrie GmbH,MAT-100203,Compact seal ring type 30 (Office and facility supplies),MG35,1000,1000,P06,1020,122.0,PC,26.98,EUR,3291.56,2025-09-02,2025-10-04,2025-10-03,460001403,NT30,Open,BUYER04,BUYER04,2
4500008,00010,0000100001,Nordwind Industrie GmbH,MAT-100539,Insulated cartridge type 38 (Office and facility supplies),MG35,1000,1000,P06,1010,339.0,PC,70.32,EUR,23838.48,2025-10-05,2025-10-23,2025-10-20,460001739,NT30,Approved,BUYER02,BUYER02,4
4500008,00020,0000100001,Nordwind Industrie GmbH,MAT-100203,Compact seal ring type 30 (Office and facility supplies),MG35,1000,1000,P06,1010,90.0,PC,28.07,EUR,2526.3,2025-10-05,2025-10-23,2025-10-20,460001403,NT30,Approved,BUYER02,BUYER02,2
4500008,00030,0000100001,Nordwind Industrie GmbH,MAT-100385,Compact gasket type 16 (Maintenance services),MG45,1000,1000,P06,1010,42.0,EA,142.29,EUR,5976.18,2025-10-05,2025-10-23,2025-10-20,460001585,NT30,Approved,BUYER02,BUYER02,1
4500008,00040,0000100001,Nordwind Industrie GmbH,MAT-100098,Precision adapter type 15 (Raw steel and metals),MG20,1000,1000,P06,1010,332.0,TO,15.17,EUR,5036.44,2025-10-05,2025-10-23,2025-10-20,460001298,NT30,Approved,BUYER02,BUYER02,2
4500009,00010,0000100001,Nordwind Industrie GmbH,MAT-100539,Insulated cartridge type 38 (Office and facility supplies),MG35,1000,1000,P03,1020,31.0,PC,72.24,EUR,2239.44,2025-11-20,2025-12-05,2025-12-04,460001739,NT30,Approved,BUYER07,BUYER07,2
4500009,00020,0000100001,Nordwind Industrie GmbH,MAT-100385,Compact gasket type 16 (Maintenance services),MG45,1000,1000,P03,1020,56.0,EA,149.4,EUR,8366.4,2025-11-20,2025-12-05,2025-12-04,460001585,NT30,Approved,BUYER07,BUYER07,0
4500009,00030,0000100001,Nordwind Industrie GmbH,MAT-100266,Precision clamp type 39 (Raw steel and metals),MG20,1000,1000,P03,1020,179.0,TO,10.45,EUR,1870.55,2025-11-20,2025-12-05,2025-12-04,460001466,NT30,Approved,BUYER07,BUYER07,4
4500009,00040,0000100001,Nordwind Industrie GmbH,MAT-100098,Precision adapter type 15 (Raw steel and metals),MG20,1000,1000,P03,1020,216.0,TO,14.11,EUR,3047.76,2025-11-20,2025-12-05,2025-12-04,460001298,NT30,Approved,BUYER07,BUYER07,2
4500010,00010,0000100002,Bluepeak Manufacturing AG,MAT-100315,Modular pulley type 6 (Laboratory equipment),MG55,2000,2000,P01,2020,9.0,PC,1753.76,USD,15783.84,2025-01-07,2025-02-19,2025-02-18,460002515,NT30,Approved,BUYER11,BUYER11,3
4500010,00020,0000100002,Bluepeak Manufacturing AG,MAT-100287,Low-friction membrane type 2 (Office and facility supplies),MG35,2000,2000,P01,2020,283.0,PC,9.0,USD,2547.0,2025-01-07,2025-02-19,2025-02-18,460002487,NT30,Approved,BUYER11,BUYER11,3
4500010,00030,0000100002,Bluepeak Manufacturing AG,MAT-100301,High-temperature spindle type 4 (Maintenance services),MG45,2000,2000,P01,2020,328.0,H,113.34,USD,37175.52,2025-01-07,2025-02-19,2025-02-18,460002501,NT30,Approved,BUYER11,BUYER11,3
4500011,00010,0000100002,Bluepeak Manufacturing AG,MAT-100301,High-temperature spindle type 4 (Maintenance services),MG45,2000,2000,P05,2010,151.0,H,110.12,USD,16628.12,2025-02-18,2025-03-26,2025-03-25,460002501,NT30,Approved,BUYER07,BUYER07,0
4500011,00020,0000100002,Bluepeak Manufacturing AG,MAT-100448,Heavy-duty sensor type 25 (Chemicals and lubricants),MG30,2000,2000,P05,2010,31.0,L,32.92,USD,1020.52,2025-02-18,2025-03-26,2025-03-25,460002648,NT30,Approved,BUYER07,BUYER07,4
4500011,00030,0000100002,Bluepeak Manufacturing AG,MAT-100287,Low-friction membrane type 2 (Office and facility supplies),MG35,2000,2000,P05,2010,307.0,PC,8.67,USD,2661.69,2025-02-18,2025-03-26,2025-03-25,460002487,NT30,Approved,BUYER07,BUYER07,0
4500012,00010,0000100002,Bluepeak Manufacturing AG,MAT-100553,Reinforced gasket type 40 (Maintenance services),MG45,2000,2000,P06,2010,338.0,EA,91.01,USD,30761.38,2025-04-01,2025-04-11,2025-04-13,460002753,NT30,Approved,BUYER12,BUYER12,3
4500012,00020,0000100002,Bluepeak Manufacturing AG,MAT-100287,Low-friction membrane type 2 (Office and facility supplies),MG35,2000,2000,P06,2010,33.0,PC,8.37,USD,276.21,2025-04-01,2025-04-11,2025-04-13,460002487,NT30,Approved,BUYER12,BUYER12,0
4500012,00030,0000100002,Bluepeak Manufacturing AG,MAT-100448,Heavy-duty sensor type 25 (Chemicals and lubricants),MG30,2000,2000,P06,2010,301.0,L,32.96,USD,9920.96,2025-04-01,2025-04-11,2025-04-13,460002648,NT30,Approved,BUYER12,BUYER12,4
4500013,00010,0000100002,Bluepeak Manufacturing AG,MAT-100448,Heavy-duty sensor type 25 (Chemicals and lubricants),MG30,2000,2000,P05,2020,331.0,L,32.67,USD,10813.77,2025-05-02,2025-05-19,2025-05-21,460002648,NT30,Approved,BUYER06,BUYER06,0
4500013,00020,0000100002,Bluepeak Manufacturing AG,MAT-100553,Reinforced gasket type 40 (Maintenance services),MG45,2000,2000,P05,2020,149.0,EA,88.81,USD,13232.69,2025-05-02,2025-05-19,2025-05-21,460002753,NT30,Approved,BUYER06,BUYER06,4
4500013,00030,0000100002,Bluepeak Manufacturing AG,MAT-100287,Low-friction membrane type 2 (Office and facility supplies),MG35,2000,2000,P05,2020,157.0,PC,8.82,USD,1384.74,2025-05-02,2025-05-19,2025-05-21,460002487,NT30,Approved,BUYER06,BUYER06,1
4500014,00010,0000100002,Bluepeak Manufacturing AG,MAT-100532,Compact control unit type 37 (Chemicals and lubricants),MG30,2000,2000,P02,2010,105.0,KG,41.23,USD,4329.15,2025-06-11,2025-06-25,2025-06-23,460002732,NT30,Approved,BUYER07,BUYER07,4
4500014,00020,0000100002,Bluepeak Manufacturing AG,MAT-100315,Modular pulley type 6 (Laboratory equipment),MG55,2000,2000,P02,2010,5.0,PC,1635.61,USD,8178.05,2025-06-11,2025-06-25,2025-06-23,460002515,NT30,Approved,BUYER07,BUYER07,2
4500014,00030,0000100002,Bluepeak Manufacturing AG,MAT-100301,High-temperature spindle type 4 (Maintenance services),MG45,2000,2000,P02,2010,70.0,H,106.78,USD,7474.6,2025-06-11,2025-06-25,2025-06-23,460002501,NT30,Approved,BUYER07,BUYER07,1
4500014,00040,0000100002,Bluepeak Manufacturing AG,MAT-100553,Reinforced gasket type 40 (Maintenance services),MG45,2000,2000,P02,2010,61.0,EA,83.61,USD,5100.21,2025-06-11,2025-06-25,2025-06-23,460002753,NT30,Approved,BUYER07,BUYER07,1
4500015,00010,0000100002,Bluepeak Manufacturing AG,MAT-100287,Low-friction membrane type 2 (Office and facility supplies),MG35,2000,2000,P01,2010,313.0,PC,8.34,USD,2610.42,2025-07-24,2025-09-06,2025-09-07,460002487,NT30,Approved,BUYER02,BUYER02,1
4500015,00020,0000100002,Bluepeak Manufacturing AG,MAT-100553,Reinforced gasket type 40 (Maintenance services),MG45,2000,2000,P01,2010,69.0,EA,85.25,USD,5882.25,2025-07-24,2025-09-06,2025-09-07,460002753,NT30,Approved,BUYER02,BUYER02,1
4500015,00030,0000100002,Bluepeak Manufacturing AG,MAT-100448,Heavy-duty sensor type 25 (Chemicals and lubricants),MG30,2000,2000,P01,2010,209.0,L,33.5,EUR,7001.5,2025-07-24,2025-09-06,2025-09-07,460002648,NT30,Approved,BUYER02,BUYER02,3
4500015,00040,0000100002,Bluepeak Manufacturing AG,MAT-100532,Compact control unit type 37 (Chemicals and lubricants),MG30,2000,2000,P01,2010,302.0,KG,41.3,USD,12472.6,2025-07-24,2025-09-06,2025-09-07,460002732,NT30,Approved,BUYER02,BUYER02,4
4500016,00010,0000100002,Bluepeak Manufacturing AG,MAT-100448,Heavy-duty sensor type 25 (Chemicals and lubricants),MG30,2000,2000,P06,2020,354.0,L,33.72,USD,11936.88,2025-09-02,2025-09-21,2025-09-19,460002648,NT30,Approved,BUYER11,BUYER11,1
4500016,00020,0000100002,Bluepeak Manufacturing AG,MAT-100315,Modular pulley type 6 (Laboratory equipment),MG55,2000,2000,P06,2020,6.0,PC,1760.98,USD,10565.88,2025-09-02,2025-09-21,2025-09-19,460002515,NT30,Approved,BUYER11,BUYER11,1
4500016,00030,0000100002,Bluepeak Manufacturing AG,MAT-100301,High-temperature spindle type 4 (Maintenance services),MG45,2000,2000,P06,2020,325.0,H,103.76,USD,33722.0,2025-09-02,2025-09-21,2025-09-19,460002501,NT30,Approved,BUYER11,BUYER11,2
4500017,00010,0000100002,Bluepeak Manufacturing AG,MAT-100553,Reinforced gasket type 40 (Maintenance services),MG45,2000,2000,P02,2020,257.0,EA,91.9,USD,23618.3,2025-10-01,2025-10-12,2025-10-12,460002753,NT30,Approved,BUYER04,BUYER04,3
4500017,00020,0000100002,Bluepeak Manufacturing AG,MAT-100301,High-temperature spindle type 4 (Maintenance services),MG45,2000,2000,P02,2020,198.0,H,104.49,USD,20689.02,2025-10-01,2025-10-12,2025-10-12,460002501,NT30,Approved,BUYER04,BUYER04,3
4500017,00030,0000100002,Bluepeak Manufacturing AG,MAT-100287,Low-friction membrane type 2 (Office and facility supplies),MG35,2000,2000,P02,2020,140.0,PC,8.45,USD,1183.0,2025-10-01,2025-10-12,2025-10-12,460002487,NT30,Approved,BUYER04,BUYER04,3
4500018,00010,0000100002,Bluepeak Manufacturing AG,MAT-100448,Heavy-duty sensor type 25 (Chemicals and lubricants),MG30,2000,2000,P02,2010,179.0,L,34.84,USD,6236.36,2025-10-29,2025-11-16,2025-11-11,460002648,NT30,Approved,BUYER05,BUYER05,3
4500018,00020,0000100002,Bluepeak Manufacturing AG,MAT-100532,Compact control unit type 37 (Chemicals and lubricants),MG30,2000,2000,P02,2010,382.0,KG,40.71,USD,15551.22,2025-10-29,2025-11-16,2025-11-11,460002732,NT30,Approved,BUYER05,BUYER05,1
4500018,00030,0000100002,Bluepeak Manufacturing AG,MAT-100315,Modular pulley type 6 (Laboratory equipment),MG55,2000,2000,P02,2010,1.0,PC,1701.24,USD,1701.24,2025-10-29,2025-11-16,2025-11-11,460002515,NT30,Approved,BUYER05,BUYER05,0
4500018,00040,0000100002,Bluepeak Manufacturing AG,MAT-100287,Low-friction membrane type 2 (Office and facility supplies),MG35,2000,2000,P02,2010,51.0,PC,8.52,USD,434.52,2025-10-29,2025-11-16,2025-11-11,460002487,NT30,Approved,BUYER05,BUYER05,3
4500019,00010,0000100002,Bluepeak Manufacturing AG,MAT-100553,Reinforced gasket type 40 (Maintenance services),MG45,2000,2000,P04,2010,97.0,EA,87.9,USD,8526.3,2025-11-26,2026-01-01,2025-12-31,460002753,NT30,Approved,BUYER09,BUYER09,4
4500019,00020,0000100002,Bluepeak Manufacturing AG,MAT-100532,Compact control unit type 37 (Chemicals and lubricants),MG30,2000,2000,P04,2010,388.0,KG,37.82,USD,14674.16,2025-11-26,2026-01-01,2025-12-31,460002732,NT30,Approved,BUYER09,BUYER09,4
4500019,00030,0000100002,Bluepeak Manufacturing AG,MAT-100287,Low-friction membrane type 2 (Office and facility supplies),MG35,2000,2000,P04,2010,96.0,PC,8.68,USD,833.28,2025-11-26,2026-01-01,2025-12-31,460002487,NT30,Approved,BUYER09,BUYER09,0
4500020,00010,0000100003,Vertex Supply Ltd,MAT-100476,Stainless connector type 29 (Logistics and freight),MG50,3000,3000,P01,3010,34.0,H,254.17,GBP,8641.78,2025-01-25,2025-02-10,2025-02-08,460003676,NT30,Approved,BUYER04,BUYER04,2
4500020,00020,0000100003,Vertex Supply Ltd,MAT-100196,Low-friction bracket type 29 (Chemicals and lubricants),MG30,3000,3000,P01,3010,211.0,KG,11.23,GBP,2369.53,2025-01-25,2025-02-10,2025-02-08,460003396,NT30,Approved,BUYER04,BUYER04,1
4500020,00030,0000100003,Vertex Supply Ltd,MAT-100364,Industrial terminal block type 13 (Chemicals and lubricants),MG30,3000,3000,P01,3010,68.0,KG,15.53,GBP,1056.04,2025-01-25,2025-02-10,2025-02-08,460003564,NT30,Approved,BUYER04,BUYER04,0
4500021,00010,0000100003,Vertex Supply Ltd,MAT-100364,Industrial terminal block type 13 (Chemicals and lubricants),MG30,3000,3000,P01,3010,108.0,KG,15.38,GBP,1661.04,2025-03-19,2025-04-13,2025-04-09,460003564,NT30,Open,BUYER02,BUYER02,2
4500021,00020,0000100003,Vertex Supply Ltd,MAT-100063,Stainless gasket type 10 (Laboratory equipment),MG55,3000,3000,P01,3010,2.0,PC,1743.26,GBP,3486.52,2025-03-19,2025-04-13,2025-04-09,460003263,NT30,Open,BUYER02,BUYER02,3
4500021,00030,0000100003,Vertex Supply Ltd,MAT-100602,Precision housing type 7 (Raw steel and metals),MG20,3000,3000,P01,3010,131.0,KG,13.99,GBP,1832.69,2025-03-19,2025-04-13,2025-04-09,460003802,NT30,Open,BUYER02,BUYER02,3
4500022,00010,0000100003,Vertex Supply Ltd,MAT-100196,Low-friction bracket type 29 (Chemicals and lubricants),MG30,3000,3000,P04,3010,259.0,KG,11.53,GBP,2986.27,2025-05-12,2025-06-16,2025-06-14,460003396,NT30,Approved,BUYER10,BUYER10,4
4500022,00020,0000100003,Vertex Supply Ltd,MAT-100476,Stainless connector type 29 (Logistics and freight),MG50,3000,3000,P04,3010,12.0,H,258.88,GBP,3106.56,2025-05-12,2025-06-16,2025-06-14,460003676,NT30,Approved,BUYER10,BUYER10,1
4500022,00030,0000100003,Vertex Supply Ltd,MAT-100063,Stainless gasket type 10 (Laboratory equipment),MG55,3000,3000,P04,3010,2.0,PC,1897.76,GBP,3795.52,2025-05-12,2025-06-16,2025-06-14,460003263,NT30,Approved,BUYER10,BUYER10,2
4500023,00010,0000100003,Vertex Supply Ltd,MAT-100063,Stainless gasket type 10 (Laboratory equipment),MG55,3000,3000,P02,3010,5.0,PC,1896.31,GBP,9481.55,2025-06-23,2025-08-05,2025-08-04,460003263,NT30,Approved,BUYER06,BUYER06,0
4500023,00020,0000100003,Vertex Supply Ltd,MAT-100476,Stainless connector type 29 (Logistics and freight),MG50,3000,3000,P02,3010,51.0,H,266.94,GBP,13613.94,2025-06-23,2025-08-05,2025-08-04,460003676,NT30,Approved,BUYER06,BUYER06,2
4500023,00030,0000100003,Vertex Supply Ltd,MAT-100602,Precision housing type 7 (Raw steel and metals),MG20,3000,3000,P02,3010,356.0,KG,13.3,GBP,4734.8,2025-06-23,2025-08-05,2025-08-04,460003802,NT30,Approved,BUYER06,BUYER06,2
4500023,00040,0000100003,Vertex Supply Ltd,MAT-100196,Low-friction bracket type 29 (Chemicals and lubricants),MG30,3000,3000,P02,3010,188.0,KG,11.05,GBP,2077.4,2025-06-23,2025-08-05,2025-08-04,460003396,NT30,Approved,BUYER06,BUYER06,2
4500024,00010,0000100003,Vertex Supply Ltd,MAT-100476,Stainless connector type 29 (Logistics and freight),MG50,3000,3000,P02,3010,53.0,H,254.68,GBP,13498.04,2025-08-05,2025-09-02,2025-09-03,460003676,NT30,Approved,BUYER08,BUYER08,2
4500025,00010,0000100003,Vertex Supply Ltd,MAT-100196,Low-friction bracket type 29 (Chemicals and lubricants),MG30,3000,3000,P05,3010,88.0,KG,11.45,GBP,1007.6,2025-09-12,2025-09-28,2025-09-23,460003396,NT30,Approved,BUYER12,BUYER12,1
4500025,00020,0000100003,Vertex Supply Ltd,MAT-100364,Industrial terminal block type 13 (Chemicals and lubricants),MG30,3000,3000,P05,3010,186.0,KG,15.36,GBP,2856.96,2025-09-12,2025-09-28,2025-09-23,460003564,NT30,Approved,BUYER12,BUYER12,0
4500025,00030,0000100003,Vertex Supply Ltd,MAT-100476,Stainless connector type 29 (Logistics and freight),MG50,3000,3000,P05,3010,47.0,H,266.21,GBP,12511.87,2025-09-12,2025-09-28,2025-09-23,460003676,NT30,Approved,BUYER12,BUYER12,2
4500026,00010,0000100003,Vertex Supply Ltd,MAT-100602,Precision housing type 7 (Raw steel and metals),MG20,3000,3000,P01,3010,310.0,KG,14.28,GBP,4426.8,2025-10-14,2025-11-20,2025-11-15,460003802,NT30,Approved,BUYER05,BUYER05,1
4500026,00020,0000100003,Vertex Supply Ltd,MAT-100364,Industrial terminal block type 13 (Chemicals and lubricants),MG30,3000,3000,P01,3010,365.0,KG,15.98,GBP,5832.7,2025-10-14,2025-11-20,2025-11-15,460003564,NT30,Approved,BUYER05,BUYER05,2
4500027,00010,0000100003,Vertex Supply Ltd,MAT-100602,Precision housing type 7 (Raw steel and metals),MG20,3000,3000,P03,3010,166.0,KG,14.54,GBP,2413.64,2025-11-18,2025-12-20,2025-12-21,460003802,NT30,Approved,BUYER04,BUYER04,2
4500028,00010,0000100004,Ravenna Materials SpA,MAT-100350,Insulated clamp type 11 (Raw steel and metals),MG20,4000,4000,P05,4010,216.0,TO,11.39,CHF,2460.24,2025-01-06,2025-01-20,2025-01-18,460004550,Z060,Approved,BUYER10,BUYER10,1
4500028,00020,0000100004,Ravenna Materials SpA,MAT-100035,Low-friction cartridge type 6 (Office and facility supplies),MG35,4000,4000,P05,4010,126.0,BOX,43.02,CHF,5420.52,2025-01-06,2025-01-20,2025-01-18,460004235,Z060,Approved,BUYER10,BUYER10,1
4500028,00030,0000100004,Ravenna Materials SpA,MAT-100567,Precision clamp type 2 (Laboratory equipment),MG55,4000,4000,P05,4010,14.0,EA,505.59,CHF,7078.26,2025-01-06,2025-01-20,2025-01-18,460004767,Z060,Approved,BUYER10,BUYER10,1
4500029,00010,0000100004,Ravenna Materials SpA,MAT-100035,Low-friction cartridge type 6 (Office and facility supplies),MG35,4000,4000,P04,4010,332.0,BOX,40.14,CHF,13326.48,2025-02-03,2025-03-12,2025-03-09,460004235,Z060,Approved,BUYER12,BUYER12,3
4500029,00020,0000100004,Ravenna Materials SpA,MAT-100567,Precision clamp type 2 (Laboratory equipment),MG55,4000,4000,P04,4010,56.0,EA,527.59,CHF,29545.04,2025-02-03,2025-03-12,2025-03-09,460004767,Z060,Approved,BUYER12,BUYER12,3
4500030,00010,0000100004,Ravenna Materials SpA,MAT-100567,Precision clamp type 2 (Laboratory equipment),MG55,4000,4000,P02,4010,26.0,EA,527.12,CHF,13705.12,2025-03-07,2025-03-22,2025-03-18,460004767,Z060,Approved,BUYER10,BUYER10,3
4500030,00020,0000100004,Ravenna Materials SpA,MAT-100035,Low-friction cartridge type 6 (Office and facility supplies),MG35,4000,4000,P02,4010,40.0,BOX,42.77,CHF,1710.8,2025-03-07,2025-03-22,2025-03-18,460004235,Z060,Approved,BUYER10,BUYER10,3
4500030,00030,0000100004,Ravenna Materials SpA,MAT-100350,Insulated clamp type 11 (Raw steel and metals),MG20,4000,4000,P02,4010,254.0,TO,11.53,CHF,2928.62,2025-03-07,2025-03-22,2025-03-18,460004550,Z060,Approved,BUYER10,BUYER10,4
4500031,00010,0000100004,Ravenna Materials SpA,MAT-100350,Insulated clamp type 11 (Raw steel and metals),MG20,4000,4000,P05,4010,246.0,TO,11.71,CHF,2880.66,2025-03-30,2025-05-01,2025-04-30,460004550,Z060,Approved,BUYER04,BUYER04,1
4500031,00020,0000100004,Ravenna Materials SpA,MAT-100567,Precision clamp type 2 (Laboratory equipment),MG55,4000,4000,P05,4010,56.0,EA,525.6,CHF,29433.6,2025-03-30,2025-05-01,2025-04-30,460004767,Z060,Approved,BUYER04,BUYER04,2
4500031,00030,0000100004,Ravenna Materials SpA,MAT-100035,Low-friction cartridge type 6 (Office and facility supplies),MG35,4000,4000,P05,4010,202.0,BOX,40.6,CHF,8201.2,2025-03-30,2025-05-01,2025-04-30,460004235,Z060,Approved,BUYER04,BUYER04,1
4500032,00010,0000100004,Ravenna Materials SpA,MAT-100567,Precision clamp type 2 (Laboratory equipment),MG55,4000,4000,P02,4010,37.0,EA,496.46,CHF,18369.02,2025-05-05,2025-06-15,2025-06-10,460004767,Z060,Approved,BUYER05,BUYER05,3
4500033,00010,0000100004,Ravenna Materials SpA,MAT-100035,Low-friction cartridge type 6 (Office and facility supplies),MG35,4000,4000,P06,4010,365.0,BOX,39.36,CHF,14366.4,2025-06-05,2025-07-07,2025-07-02,460004235,Z060,Approved,BUYER05,BUYER05,1
4500033,00020,0000100004,Ravenna Materials SpA,MAT-100567,Precision clamp type 2 (Laboratory equipment),MG55,4000,4000,P06,4010,51.0,EA,501.27,CHF,25564.77,2025-06-05,2025-07-07,2025-07-02,460004767,Z060,Approved,BUYER05,BUYER05,3
4500034,00010,0000100004,Ravenna Materials SpA,MAT-100350,Insulated clamp type 11 (Raw steel and metals),MG20,4000,4000,P05,4010,302.0,TO,11.67,CHF,3524.34,2025-07-02,2025-07-18,2025-07-14,460004550,Z060,Approved,BUYER10,BUYER10,3
4500034,00020,0000100004,Ravenna Materials SpA,MAT-100567,Precision clamp type 2 (Laboratory equipment),MG55,4000,4000,P05,4010,37.0,EA,505.14,CHF,18690.18,2025-07-02,2025-07-18,2025-07-14,460004767,Z060,Approved,BUYER10,BUYER10,4
4500034,00030,0000100004,Ravenna Materials SpA,MAT-100035,Low-friction cartridge type 6 (Office and facility supplies),MG35,4000,4000,P05,4010,367.0,BOX,40.34,CHF,14804.78,2025-07-02,2025-07-18,2025-07-14,460004235,Z060,Approved,BUYER10,BUYER10,1
4500035,00010,0000100004,Ravenna Materials SpA,MAT-100350,Insulated clamp type 11 (Raw steel and metals),MG20,4000,4000,P04,4010,189.0,TO,11.16,CHF,2109.24,2025-08-03,2025-08-15,2025-08-15,460004550,Z060,Approved,BUYER08,BUYER08,4
4500036,00010,0000100004,Ravenna Materials SpA,MAT-100035,Low-friction cartridge type 6 (Office and facility supplies),MG35,4000,4000,P01,4010,164.0,BOX,42.99,CHF,7050.36,2025-09-01,2025-10-10,2025-10-10,460004235,Z060,Approved,BUYER12,BUYER12,1
4500036,00020,0000100004,Ravenna Materials SpA,MAT-100350,Insulated clamp type 11 (Raw steel and metals),MG20,4000,4000,P01,4010,0.0,TO,11.26,CHF,0.0,2025-09-01,2025-10-10,2025-10-10,460004550,Z060,Approved,BUYER12,BUYER12,4
4500036,00030,0000100004,Ravenna Materials SpA,MAT-100567,Precision clamp type 2 (Laboratory equipment),MG55,4000,4000,P01,4010,48.0,EA,520.57,CHF,24987.36,2025-09-01,2025-10-10,2025-10-10,460004767,Z060,Approved,BUYER12,BUYER12,1
4500037,00010,0000100004,Ravenna Materials SpA,MAT-100567,Precision clamp type 2 (Laboratory equipment),MG55,4000,4000,P05,4010,37.0,EA,506.61,CHF,18744.57,2025-09-24,2025-10-23,2025-10-20,460004767,Z060,Approved,BUYER12,BUYER11,7
4500037,00020,0000100004,Ravenna Materials SpA,MAT-100350,Insulated clamp type 11 (Raw steel and metals),MG20,4000,4000,P05,4010,65.0,TO,11.45,CHF,744.25,2025-09-24,2025-10-23,2025-10-20,460004550,Z060,Approved,BUYER12,BUYER11,7
4500038,00010,0000100004,Ravenna Materials SpA,MAT-100567,Precision clamp type 2 (Laboratory equipment),MG55,4000,4000,P06,4010,52.0,EA,502.03,CHF,26105.56,2025-10-30,2025-11-23,2025-11-21,460004767,Z060,Approved,BUYER04,BUYER04,1
4500039,00010,0000100004,Ravenna Materials SpA,MAT-100350,Insulated clamp type 11 (Raw steel and metals),MG20,4000,4000,P01,4010,334.0,TO,11.35,CHF,3790.9,2025-11-24,2025-12-17,2025-12-13,460004550,Z060,Open,BUYER10,BUYER10,1
4500040,00010,0000100005,Kestrel Industrie GmbH,MAT-100315,Modular pulley type 6 (Laboratory equipment),MG55,1000,1000,P01,1020,9.0,PC,1546.58,EUR,13919.22,2025-01-24,2025-02-21,2025-02-21,460005515,NT45,Approved,BUYER02,BUYER02,3
4500040,00020,0000100005,Kestrel Industrie GmbH,MAT-100224,Reinforced valve type 33 (Logistics and freight),MG50,1000,1000,P01,1020,21.0,H,653.7,EUR,13727.7,2025-01-24,2025-02-21,2025-02-21,460005424,NT45,Approved,BUYER02,BUYER02,2
4500040,00030,0000100005,Kestrel Industrie GmbH,MAT-100210,Modular bracket type 31 (IT hardware),MG40,1000,1000,P01,1020,2.0,EA,2427.88,EUR,4855.76,2025-01-24,2025-02-21,2025-02-21,,NT45,Approved,BUYER02,BUYER02,0
4500041,00010,0000100005,Kestrel Industrie GmbH,MAT-100224,Reinforced valve type 33 (Logistics and freight),MG50,1000,1000,P02,1010,7.92,H,649.52,EUR,5144.2,2025-03-09,2025-04-02,2025-04-03,460005424,NT45,Open,BUYER05,BUYER05,0
4500041,00020,0000100005,Kestrel Industrie GmbH,MAT-100042,Heavy-duty filter type 7 (IT hardware),MG40,1000,1000,P02,1010,1.76,PC,1915.4,EUR,3371.1,2025-03-09,2025-04-02,2025-04-03,,NT45,Open,BUYER05,BUYER05,4
4500042,00010,0000100005,Kestrel Industrie GmbH,MAT-100210,Modular bracket type 31 (IT hardware),MG40,1000,1000,P06,1010,6.0,EA,2332.03,EUR,13992.18,2025-04-23,2025-05-05,2025-05-07,,NT45,Approved,BUYER12,BUYER12,1
4500042,00020,0000100005,Kestrel Industrie GmbH,MAT-100224,Reinforced valve type 33 (Logistics and freight),MG50,1000,1000,P06,1010,38.0,H,632.59,EUR,24038.42,2025-04-23,2025-05-05,2025-05-07,460005424,NT45,Approved,BUYER12,BUYER12,2
4500042,00030,0000100005,Kestrel Industrie GmbH,MAT-100042,Heavy-duty filter type 7 (IT hardware),MG40,1000,1000,P06,1010,5.0,PC,1907.1,EUR,9535.5,2025-04-23,2025-05-05,2025-05-07,,NT45,Approved,BUYER12,BUYER12,4
4500042,00040,0000100005,Kestrel Industrie GmbH,MAT-100315,Modular pulley type 6 (Laboratory equipment),MG55,1000,1000,P06,1010,10.0,PC,1608.57,EUR,16085.7,2025-04-23,2025-05-05,2025-05-07,460005515,NT45,Approved,BUYER12,BUYER12,4
4500043,00010,0000100005,Kestrel Industrie GmbH,MAT-100224,Reinforced valve type 33 (Logistics and freight),MG50,1000,1000,P04,1020,23.0,H,620.86,EUR,14279.78,2025-05-28,2025-06-19,2025-06-19,460005424,NT45,Approved,BUYER11,BUYER11,1
4500043,00020,0000100005,Kestrel Industrie GmbH,MAT-100315,Modular pulley type 6 (Laboratory equipment),MG55,1000,1000,P04,1020,4.0,PC,1494.98,EUR,5979.92,2025-05-28,2025-06-19,2025-06-19,460005515,NT45,Approved,BUYER11,BUYER11,1
4500043,00030,0000100005,Kestrel Industrie GmbH,MAT-100042,Heavy-duty filter type 7 (IT hardware),MG40,1000,1000,P04,1020,7.44,PC,2016.37,EUR,15001.79,2025-05-28,2025-06-19,2025-06-19,,NT45,Approved,BUYER11,BUYER11,1
4500044,00010,0000100005,Kestrel Industrie GmbH,MAT-100315,Modular pulley type 6 (Laboratory equipment),MG55,1000,1000,P01,1010,12.0,PC,1599.49,EUR,19193.88,2025-07-15,2025-07-29,2025-07-27,460005515,NT45,Approved,BUYER07,BUYER07,3
4500045,00010,0000100005,Kestrel Industrie GmbH,MAT-100224,Reinforced valve type 33 (Logistics and freight),MG50,1000,1000,P03,1010,15.0,H,671.13,EUR,10066.95,2025-08-21,2025-09-26,2025-09-28,460005424,NT45,Approved,BUYER06,BUYER06,2
4500045,00020,0000100005,Kestrel Industrie GmbH,MAT-100042,Heavy-duty filter type 7 (IT hardware),MG40,1000,1000,P03,1010,4.0,PC,1955.95,EUR,7823.8,2025-08-21,2025-09-26,2025-09-28,,NT45,Approved,BUYER06,BUYER06,2
4500045,00030,0000100005,Kestrel Industrie GmbH,MAT-100315,Modular pulley type 6 (Laboratory equipment),MG55,1000,1000,P03,1010,4.0,PC,1627.37,EUR,6509.48,2025-08-21,2025-09-26,2025-09-28,460005515,NT45,Approved,BUYER06,BUYER06,0
4500046,00010,0000100005,Kestrel Industrie GmbH,MAT-100210,Modular bracket type 31 (IT hardware),MG40,1000,1000,P02,1010,2.0,EA,2446.38,EUR,4892.76,2025-10-08,2025-11-01,2025-11-03,,NT45,Open,BUYER04,BUYER04,3
4500047,00010,0000100005,Kestrel Industrie GmbH,MAT-100315,Modular pulley type 6 (Laboratory equipment),MG55,1000,1000,P05,1010,1.0,PC,1579.08,EUR,1579.08,2025-11-14,2025-11-29,2025-11-28,460005515,NT45,Approved,BUYER12,BUYER12,0
4500048,00010,0000100005,Kestrel Industrie GmbH,MAT-100210,Modular bracket type 31 (IT hardware),MG40,1000,1000,P06,1020,4.0,EA,2503.92,EUR,10015.68,2025-12-18,2026-01-07,2026-01-06,,NT45,Approved,BUYER11,BUYER11,1
4500049,00010,0000100006,Alpenrose Logistics AS,MAT-100399,Reinforced terminal block type 18 (Laboratory equipment),MG55,2000,2000,P04,2020,8.0,EA,2686.38,USD,21491.04,2025-01-26,2025-02-16,2025-02-17,460006599,NT30,Approved,BUYER07,BUYER07,0
4500049,00020,0000100006,Alpenrose Logistics AS,MAT-100546,Industrial housing type 39 (IT hardware),MG40,2000,2000,P04,2020,7.89,PC,2067.34,USD,16311.31,2025-01-26,2025-02-16,2025-02-17,,NT30,Approved,BUYER07,BUYER07,4
4500049,00030,0000100006,Alpenrose Logistics AS,MAT-100000,Insulated membrane type 1 (Electrical components),MG10,2000,2000,P04,2020,24.0,EA,120.12,USD,2882.88,2025-01-26,2025-02-16,2025-02-17,,NT30,Approved,BUYER07,BUYER07,4
4500050,00010,0000100006,Alpenrose Logistics AS,MAT-100448,Heavy-duty sensor type 25 (Chemicals and lubricants),MG30,2000,2000,P04,2010,257.0,L,33.98,USD,8732.86,2025-02-27,2025-04-02,2025-03-28,460006648,NT30,Approved,BUYER02,BUYER02,2
4500050,00020,0000100006,Alpenrose Logistics AS,MAT-100056,Low-friction sensor type 9 (Logistics and freight),MG50,2000,2000,P04,2010,57.0,EA,137.71,USD,7849.47,2025-02-27,2025-04-02,2025-03-28,460006256,NT30,Approved,BUYER02,BUYER02,2
4500050,00030,0000100006,Alpenrose Logistics AS,MAT-100399,Reinforced terminal block type 18 (Laboratory equipment),MG55,2000,2000,P04,2010,3.0,EA,2485.24,USD,7455.72,2025-02-27,2025-04-02,2025-03-28,460006599,NT30,Approved,BUYER02,BUYER02,4
4500050,00040,0000100006,Alpenrose Logistics AS,MAT-100070,Compact housing type 11 (Safety equipment),MG60,2000,2000,P04,2010,201.0,PC,88.19,USD,17726.19,2025-02-27,2025-04-02,2025-03-28,460006270,NT30,Approved,BUYER02,BUYER02,4
4500051,00010,0000100006,Alpenrose Logistics AS,MAT-100546,Industrial housing type 39 (IT hardware),MG40,2000,2000,P06,2010,2.0,PC,2138.73,USD,4277.46,2025-03-30,2025-04-27,2025-04-23,,NT30,Approved,BUYER07,BUYER07,1
4500051,00020,0000100006,Alpenrose Logistics AS,MAT-100070,Compact housing type 11 (Safety equipment),MG60,2000,2000,P06,2010,46.0,PC,86.02,USD,3956.92,2025-03-30,2025-04-27,2025-04-23,460006270,NT30,Approved,BUYER07,BUYER07,2
4500051,00030,0000100006,Alpenrose Logistics AS,MAT-100056,Low-friction sensor type 9 (Logistics and freight),MG50,2000,2000,P06,2010,11.0,EA,148.57,USD,1634.27,2025-03-30,2025-04-27,2025-04-23,460006256,NT30,Approved,BUYER07,BUYER07,4
4500051,00040,0000100006,Alpenrose Logistics AS,MAT-100448,Heavy-duty sensor type 25 (Chemicals and lubricants),MG30,2000,2000,P06,2010,298.0,L,33.91,USD,10105.18,2025-03-30,2025-04-27,2025-04-23,460006648,NT30,Approved,BUYER07,BUYER07,0
4500052,00010,0000100006,Alpenrose Logistics AS,MAT-100399,Reinforced terminal block type 18 (Laboratory equipment),MG55,2000,2000,P01,2020,8.0,EA,2528.17,USD,20225.36,2025-05-06,2025-05-16,2025-05-15,,NT30,Approved,BUYER09,BUYER09,3
4500052,00020,0000100006,Alpenrose Logistics AS,MAT-100546,Industrial housing type 39 (IT hardware),MG40,2000,2000,P01,2020,3.0,PC,2209.59,USD,6628.77,2025-05-06,2025-05-16,2025-05-15,,NT30,Approved,BUYER09,BUYER09,1
4500052,00030,0000100006,Alpenrose Logistics AS,MAT-100448,Heavy-duty sensor type 25 (Chemicals and lubricants),MG30,2000,2000,P01,2020,206.0,L,34.19,USD,7043.14,2025-05-06,2025-05-16,2025-05-15,460006648,NT30,Approved,BUYER09,BUYER09,3
4500052,00040,0000100006,Alpenrose Logistics AS,MAT-100056,Low-friction sensor type 9 (Logistics and freight),,2000,2000,P01,2020,22.0,EA,148.37,USD,3264.14,2025-05-06,2025-05-16,2025-05-15,460006256,NT30,Approved,BUYER09,BUYER09,3
4500053,00010,0000100006,Alpenrose Logistics AS,MAT-100399,Reinforced terminal block type 18 (Laboratory equipment),MG55,2000,2000,P05,2010,11.0,EA,2659.29,USD,29252.19,2025-06-04,2025-06-19,2025-06-19,460006599,NT30,Approved,BUYER03,BUYER03,2
4500053,00020,0000100006,Alpenrose Logistics AS,MAT-100448,Heavy-duty sensor type 25 (Chemicals and lubricants),MG30,2000,2000,P05,2010,65.0,L,32.12,USD,2087.8,2025-06-04,2025-06-19,2025-06-19,460006648,NT30,Approved,BUYER03,BUYER03,0
4500054,00010,0000100006,Alpenrose Logistics AS,MAT-100399,Reinforced terminal block type 18 (Laboratory equipment),MG55,2000,2000,P04,2020,1.0,EA,2543.29,USD,2543.29,2025-07-07,2025-08-16,2025-08-19,460006599,NT30,Approved,BUYER02,BUYER02,2
4500054,00020,0000100006,Alpenrose Logistics AS,MAT-100070,Compact housing type 11 (Safety equipment),MG60,2000,2000,P04,2020,317.0,PC,87.34,USD,27686.78,2025-07-07,2025-06-23,2025-08-19,460006270,NT30,Approved,BUYER02,BUYER02,3
4500055,00010,0000100006,Alpenrose Logistics AS,MAT-100056,Low-friction sensor type 9 (Logistics and freight),MG50,2000,2000,P02,2020,56.0,EA,148.01,USD,8288.56,2025-08-04,2025-09-08,2025-09-10,460006256,NT30,Approved,BUYER09,BUYER09,0
4500056,00010,0000100006,Alpenrose Logistics AS,MAT-100000,Insulated membrane type 1 (Electrical components),MG10,2000,2000,P04,2010,19.36,EA,124.1,USD,2402.58,2025-09-17,2025-10-08,2025-10-08,,NT30,Approved,BUYER03,BUYER03,4
4500056,00020,0000100006,Alpenrose Logistics AS,MAT-100070,Compact housing type 11 (Safety equipment),MG60,2000,2000,P04,2010,145.2,PC,84.34,USD,12246.17,2025-09-17,2025-10-08,2025-10-08,460006270,NT30,Approved,BUYER03,BUYER03,0
4500056,00030,0000100006,Alpenrose Logistics AS,MAT-100399,Reinforced terminal block type 18 (Laboratory equipment),MG55,2000,2000,P04,2010,7.04,EA,2606.26,USD,18348.07,2025-09-17,2025-10-08,2025-10-08,460006599,NT30,Approved,BUYER03,BUYER03,4
4500056,00040,0000100006,Alpenrose Logistics AS,MAT-100546,Industrial housing type 39 (IT hardware),MG40,2000,2000,P04,2010,6.82,PC,2104.2,USD,14350.64,2025-09-17,2025-10-08,2025-10-08,,NT30,Approved,BUYER03,BUYER03,4
4500057,00010,0000100006,Alpenrose Logistics AS,MAT-100070,Compact housing type 11 (Safety equipment),MG60,2000,2000,P06,2010,278.0,PC,84.07,USD,23371.46,2025-10-12,2025-10-24,2025-10-24,460006270,NT30,Approved,BUYER10,BUYER10,4
4500058,00010,0000100006,Alpenrose Logistics AS,MAT-100595,High-temperature pulley type 6 (Mechanical parts),MG15,2000,2000,P04,2010,32.0,PC,761.44,USD,24366.08,2025-11-24,2026-01-08,2026-01-07,460006795,NT30,Approved,BUYER11,BUYER11,0
4500058,00020,0000100006,Alpenrose Logistics AS,MAT-100056,Low-friction sensor type 9 (Logistics and freight),MG50,2000,2000,P04,2010,32.0,EA,145.65,USD,4660.8,2025-11-24,2026-01-08,2026-01-07,460006256,NT30,Approved,BUYER11,BUYER11,1
4500058,00030,0000100006,Alpenrose Logistics AS,MAT-100070,Compact housing type 11 (Safety equipment),MG60,2000,2000,P04,2010,338.0,PC,90.03,USD,30430.14,2025-11-24,2026-01-08,2026-01-07,460006270,NT30,Approved,BUYER11,BUYER11,2
4500059,00010,0000100007,Silverline Industrie GmbH,MAT-100168,Reinforced cartridge type 25 (Electrical components),MG10,3000,3000,P04,3010,359.0,EA,28.77,GBP,10328.43,2025-01-14,2025-01-27,2025-01-30,,NT60,Approved,BUYER11,BUYER11,4
4500060,00010,0000100007,Silverline Industrie GmbH,MAT-100588,Stainless cartridge type 5 (Electrical components),MG10,3000,3000,P06,3010,40.89,PC,313.56,GBP,12821.47,2025-02-15,2025-02-25,2025-02-23,,NT60,Approved,BUYER11,BUYER11,2
4500060,00020,0000100007,Silverline Industrie GmbH,MAT-100168,Reinforced cartridge type 25 (Electrical components),MG10,3000,3000,P06,3010,275.0,EA,29.45,GBP,8098.75,2025-02-15,2025-02-25,2025-02-23,,NT60,Approved,BUYER11,BUYER11,1
4500060,00030,0000100007,Silverline Industrie GmbH,MAT-100406,Reinforced bearing type 19 (Safety equipment),MG60,3000,3000,P06,3010,10.0,PC,91.42,GBP,914.2,2025-02-15,2025-02-25,2025-02-23,460007606,NT60,Approved,BUYER11,BUYER11,1
4500061,00010,0000100007,Silverline Industrie GmbH,MAT-100357,High-temperature sensor type 12 (Packaging materials),MG25,3000,3000,P03,3010,288.0,CAR,5.7,GBP,1641.6,2025-03-13,2025-04-10,2025-04-13,460007557,NT60,Approved,BUYER05,BUYER05,2
4500061,00020,0000100007,Silverline Industrie GmbH,MAT-100091,Low-friction sensor type 14 (Mechanical parts),MG15,3000,3000,P03,3010,11.0,EA,720.78,GBP,7928.58,2025-03-13,2025-04-10,2025-04-13,460007291,NT60,Approved,BUYER05,BUYER05,2
4500061,00030,0000100007,Silverline Industrie GmbH,MAT-100420,Industrial pulley type 21 (Electrical components),MG10,3000,3000,P03,3010,17.0,PC,374.26,GBP,6362.42,2025-03-13,2025-04-10,2025-04-13,,NT60,Approved,BUYER05,BUYER05,2
4500062,00010,0000100007,Silverline Industrie GmbH,MAT-100168,Reinforced cartridge type 25 (Electrical components),MG10,3000,3000,P02,3010,67.0,EA,28.25,GBP,1892.75,2025-04-10,2025-04-22,2025-04-25,,NT60,Approved,BUYER04,BUYER04,1
4500062,00020,0000100007,Silverline Industrie GmbH,MAT-100091,Low-friction sensor type 14 (Mechanical parts),MG15,3000,3000,P02,3010,12.0,EA,663.45,GBP,7961.4,2025-04-10,2025-04-22,2025-04-25,460007291,NT60,Approved,BUYER04,BUYER04,1
4500062,00030,0000100007,Silverline Industrie GmbH,MAT-100420,Industrial pulley type 21 (Electrical components),MG10,3000,3000,P02,3010,9.0,PC,371.77,GBP,3345.93,2025-04-10,2025-04-22,2025-04-25,,NT60,Approved,BUYER04,BUYER04,4
4500063,00010,0000100007,Silverline Industrie GmbH,MAT-100420,Industrial pulley type 21 (Electrical components),MG10,3000,3000,P03,3010,10.0,PC,369.07,GBP,3690.7,2025-05-09,2025-05-27,2025-05-29,,NT60,Approved,BUYER07,BUYER07,2
4500063,00020,0000100007,Silverline Industrie GmbH,MAT-100168,Reinforced cartridge type 25 (Electrical components),MG10,3000,3000,P03,3010,221.0,EA,26.83,GBP,5929.43,2025-05-09,2025-05-27,2025-05-29,,NT60,Approved,BUYER07,BUYER07,1
4500063,00030,0000100007,Silverline Industrie GmbH,MAT-100154,Modular filter type 23 (Safety equipment),MG60,3000,3000,P03,3010,15.0,BOX,183.0,GBP,2745.0,2025-05-09,2025-05-27,2025-05-29,460007354,NT60,Approved,BUYER07,BUYER07,4
4500064,00010,0000100007,Silverline Industrie GmbH,MAT-100091,Low-friction sensor type 14 (Mechanical parts),MG15,3000,3000,P04,3010,5.0,EA,689.16,GBP,3445.8,2025-06-06,2025-07-08,2025-07-07,460007291,NT60,Approved,BUYER06,BUYER06,1
4500065,00010,0000100007,Silverline Industrie GmbH,MAT-100091,Low-friction sensor type 14 (Mechanical parts),MG15,3000,3000,P03,3010,9.0,EA,674.2,GBP,6067.8,2025-07-04,2025-07-18,2025-07-14,460007291,NT60,Approved,BUYER04,BUYER04,1
4500065,00020,0000100007,Silverline Industrie GmbH,MAT-100168,Reinforced cartridge type 25 (Electrical components),MG10,3000,3000,P03,3010,335.0,EA,29.44,GBP,9862.4,2025-07-04,2025-07-18,2025-07-14,,NT60,Approved,BUYER04,BUYER04,3
4500065,00030,0000100007,Silverline Industrie GmbH,MAT-100357,High-temperature sensor type 12 (Packaging materials),MG25,3000,3000,P03,3010,308.0,CAR,5.46,GBP,1681.68,2025-07-04,2025-07-18,2025-07-14,460007557,NT60,Approved,BUYER04,BUYER04,3
4500066,00010,0000100007,Silverline Industrie GmbH,MAT-100357,High-temperature sensor type 12 (Packaging materials),MG25,3000,3000,P06,3010,108.0,CAR,5.5,GBP,594.0,2025-08-11,2025-08-30,2025-08-28,460007557,NT60,Pending,BUYER10,BUYER10,0
4500066,00020,0000100007,Silverline Industrie GmbH,MAT-100406,Reinforced bearing type 19 (Safety equipment),MG60,3000,3000,P06,3010,29.0,PC,95.43,GBP,2767.47,2025-08-11,2025-08-30,2025-08-28,460007606,NT60,Pending,BUYER10,BUYER10,3
4500066,00030,0000100007,Silverline Industrie GmbH,MAT-100154,Modular filter type 23 (Safety equipment),MG60,3000,3000,P06,3010,57.0,BOX,171.95,GBP,9801.15,2025-08-11,2025-08-30,2025-08-28,460007354,NT60,Pending,BUYER10,BUYER10,3
4500067,00010,0000100007,Silverline Industrie GmbH,MAT-100588,Stainless cartridge type 5 (Electrical components),MG10,3000,3000,P02,3010,43.0,PC,318.26,GBP,13685.18,2025-09-14,2025-10-27,2025-10-25,,NT60,Approved,BUYER08,BUYER08,4
4500067,00020,0000100007,Silverline Industrie GmbH,MAT-100168,Reinforced cartridge type 25 (Electrical components),MG10,3000,3000,P02,3010,396.0,EA,28.34,GBP,11222.64,2025-09-14,2025-10-27,2025-10-25,,NT60,Approved,BUYER08,BUYER08,4
4500067,00030,0000100007,Silverline Industrie GmbH,MAT-100154,Modular filter type 23 (Safety equipment),MG60,3000,3000,P02,3010,56.0,BOX,169.16,GBP,9472.96,2025-09-14,2025-10-27,2025-10-25,460007354,NT60,Approved,BUYER08,BUYER08,3
4500068,00010,0000100007,Silverline Industrie GmbH,MAT-100154,Modular filter type 23 (Safety equipment),MG60,3000,3000,P01,3010,14.0,BOX,178.13,GBP,2493.82,2025-10-20,2025-11-07,2025-11-03,460007354,NT60,Approved,BUYER09,BUYER09,3
4500068,00020,0000100007,Silverline Industrie GmbH,MAT-100406,Reinforced bearing type 19 (Safety equipment),MG60,3000,3000,P01,3010,5.0,PC,94.97,GBP,474.85,2025-10-20,2025-11-07,2025-11-03,460007606,NT60,Approved,BUYER09,BUYER09,2
4500068,00030,0000100007,Silverline Industrie GmbH,MAT-100420,Industrial pulley type 21 (Electrical components),MG10,3000,3000,P01,3010,32.0,PC,378.79,GBP,12121.28,2025-10-20,2025-11-07,2025-11-03,,NT60,Approved,BUYER09,BUYER09,0
4500068,00040,0000100007,Silverline Industrie GmbH,MAT-100588,Stainless cartridge type 5 (Electrical components),MG10,3000,3000,P01,3010,53.0,PC,317.09,GBP,16805.77,2025-10-20,2025-11-07,2025-11-03,,NT60,Approved,BUYER09,BUYER09,4
4500069,00010,0000100007,Silverline Industrie GmbH,MAT-100406,Reinforced bearing type 19 (Safety equipment),MG60,3000,3000,P04,3010,34.0,PC,95.3,GBP,3240.2,2025-11-12,2025-12-01,2025-12-01,460007606,NT60,Approved,BUYER04,BUYER04,3
4500069,00020,0000100007,Silverline Industrie GmbH,MAT-100168,Reinforced cartridge type 25 (Electrical components),MG10,3000,3000,P04,3010,379.0,EA,27.78,GBP,10528.62,2025-11-12,2025-12-01,2025-12-01,,NT60,Approved,BUYER04,BUYER04,4
4500069,00030,0000100007,Silverline Industrie GmbH,MAT-100588,Stainless cartridge type 5 (Electrical components),MG10,3000,3000,P04,3010,37.0,PC,340.88,GBP,12612.56,2025-11-12,2025-12-01,2025-12-01,,NT60,Approved,BUYER04,BUYER04,3
4500069,00040,0000100007,Silverline Industrie GmbH,MAT-100154,Modular filter type 23 (Safety equipment),MG60,3000,3000,P04,3010,15.0,BOX,175.93,GBP,2638.95,2025-11-12,2025-12-01,2025-12-01,460007354,NT60,Approved,BUYER04,BUYER04,0
4500070,00010,0000100008,Bramble Manufacturing AG,MAT-100581,Compact bearing type 4 (Specialised tooling),MG90,4000,4000,P03,4010,1.0,PC,3682.48,CHF,3682.48,2025-01-11,2025-02-20,2025-02-20,460008781,Z045,Approved,BUYER04,BUYER04,2
4500070,00020,0000100008,Bramble Manufacturing AG,MAT-100077,Insulated actuator type 12 (Specialised tooling),MG90,4000,4000,P03,4010,6.0,EA,1018.23,CHF,6109.38,2025-01-11,2025-02-20,2025-02-20,460008277,Z045,Approved,BUYER04,BUYER04,4
4500071,00010,0000100008,Bramble Manufacturing AG,MAT-100161,Industrial bracket type 24 (Specialised tooling),MG90,4000,4000,P02,4010,3.0,EA,1035.38,CHF,3106.14,2025-02-15,2025-03-06,2025-03-08,460008361,Z045,Approved,BUYER08,BUYER08,2
4500072,00010,0000100008,Bramble Manufacturing AG,MAT-100581,Compact bearing type 4 (Specialised tooling),MG90,4000,4000,P01,4010,11.0,PC,3641.81,CHF,40059.91,2025-03-18,2025-03-30,2025-03-28,460008781,Z045,Approved,BUYER06,BUYER06,2
4500072,00020,0000100008,Bramble Manufacturing AG,MAT-100329,Compact housing type 8 (Specialised tooling),MG90,4000,4000,P01,4010,9.0,PC,1474.19,CHF,13267.71,2025-03-18,2025-03-30,2025-03-28,460008529,Z045,Approved,BUYER06,BUYER06,1
4500072,00030,0000100008,Bramble Manufacturing AG,MAT-100077,Insulated actuator type 12 (Specialised tooling),MG90,4000,4000,P01,4010,2.0,EA,1011.47,CHF,2022.94,2025-03-18,2025-03-30,2025-03-28,460008277,Z045,Approved,BUYER06,BUYER06,0
4500072,00040,0000100008,Bramble Manufacturing AG,MAT-100161,Industrial bracket type 24 (Specialised tooling),MG90,4000,4000,P01,4010,8.0,EA,979.59,CHF,7836.72,2025-03-18,2025-03-30,2025-03-28,460008361,Z045,Approved,BUYER06,BUYER06,4
4500073,00010,0000100008,Bramble Manufacturing AG,MAT-100224,Reinforced valve type 33 (Logistics and freight),MG50,4000,4000,P02,4010,15.84,H,643.0,CHF,10185.12,2025-04-18,2025-05-24,2025-06-28,460008424,Z045,Approved,BUYER09,BUYER09,1
4500073,00020,0000100008,Bramble Manufacturing AG,MAT-100581,Compact bearing type 4 (Specialised tooling),MG90,4000,4000,P02,4010,2.64,PC,3811.43,CHF,10062.18,2025-04-18,2025-05-24,2025-05-24,460008781,Z045,Approved,BUYER09,BUYER09,4
4500073,00030,0000100008,Bramble Manufacturing AG,MAT-100245,Reinforced relay type 36 (Specialised tooling),MG90,4000,4000,P02,4010,2.64,EA,2166.27,CHF,5718.95,2025-04-18,2025-05-24,2025-05-24,460008445,Z045,Approved,BUYER09,BUYER09,1
4500073,00040,0000100008,Bramble Manufacturing AG,MAT-100413,Precision pulley type 20 (Specialised tooling),MG90,4000,4000,P02,4010,30.8,PC,445.37,CHF,13717.4,2025-04-18,2025-05-24,2025-05-24,460008613,Z045,Approved,BUYER09,BUYER09,3
4500074,00010,0000100008,Bramble Manufacturing AG,MAT-100224,Reinforced valve type 33 (Logistics and freight),MG50,4000,4000,P03,4010,12.0,H,603.95,CHF,7247.4,2025-05-26,2025-06-28,2025-06-25,460008424,Z045,Approved,BUYER09,BUYER11,9
4500074,00020,0000100008,Bramble Manufacturing AG,MAT-100077,Insulated actuator type 12 (Specialised tooling),MG90,4000,4000,P03,4010,11.0,EA,1103.65,CHF,12140.15,2025-05-26,2025-06-28,2025-06-25,460008277,Z045,Approved,BUYER09,BUYER11,9
4500074,00030,0000100008,Bramble Manufacturing AG,MAT-100581,Compact bearing type 4 (Specialised tooling),MG90,4000,4000,P03,4010,4.0,PC,3858.43,CHF,15433.72,2025-05-26,2025-06-28,2025-06-25,460008781,Z045,Approved,BUYER09,BUYER11,9
4500074,00040,0000100008,Bramble Manufacturing AG,MAT-100497,High-temperature seal ring type 32 (Specialised tooling),MG90,4000,4000,P03,4010,6.0,EA,2891.01,CHF,17346.06,2025-05-26,2025-06-28,2025-06-25,460008697,Z045,Approved,BUYER09,BUYER11,9
4500075,00010,0000100008,Bramble Manufacturing AG,MAT-100161,Industrial bracket type 24 (Specialised tooling),MG90,4000,4000,P05,4010,12.0,EA,1048.88,CHF,12586.56,2025-06-29,2025-07-11,2025-07-07,460008361,Z045,Approved,BUYER01,BUYER01,3
4500075,00020,0000100008,Bramble Manufacturing AG,MAT-100329,Compact housing type 8 (Specialised tooling),MG90,4000,4000,P05,4010,12.0,PC,1500.32,CHF,18003.84,2025-06-29,2025-07-11,2025-07-07,460008529,Z045,Approved,BUYER01,BUYER01,2
4500075,00030,0000100008,Bramble Manufacturing AG,MAT-100497,High-temperature seal ring type 32 (Specialised tooling),MG90,4000,4000,P05,4010,8.0,EA,2955.9,CHF,23647.2,2025-06-29,2025-07-11,2025-07-07,460008697,Z045,Approved,BUYER01,BUYER01,2
4500075,00040,0000100008,Bramble Manufacturing AG,MAT-100413,Precision pulley type 20 (Specialised tooling),MG90,4000,4000,P05,4010,21.0,PC,480.07,CHF,10081.47,2025-06-29,2025-07-11,2025-09-24,460008613,Z045,Approved,BUYER01,BUYER01,4
4500076,00010,0000100008,Bramble Manufacturing AG,MAT-100413,Precision pulley type 20 (Specialised tooling),MG90,4000,4000,P05,4010,52.0,PC,449.23,CHF,23359.96,2025-08-06,2025-09-07,2025-09-03,460008613,Z045,Approved,BUYER09,BUYER09,2
4500076,00020,0000100008,Bramble Manufacturing AG,MAT-100497,High-temperature seal ring type 32 (Specialised tooling),MG90,4000,4000,P05,4010,2.0,EA,2954.71,CHF,5909.42,2025-08-06,2025-09-07,2025-09-03,460008697,Z045,Approved,BUYER09,BUYER09,4
4500076,00030,0000100008,Bramble Manufacturing AG,MAT-100245,Reinforced relay type 36 (Specialised tooling),MG90,4000,4000,P05,4010,5.0,EA,2050.07,CHF,10250.35,2025-08-06,2025-09-07,2025-09-03,460008445,Z045,Approved,BUYER09,BUYER09,0
4500077,00010,0000100008,Bramble Manufacturing AG,MAT-100413,Precision pulley type 20 (Specialised tooling),MG90,4000,4000,P02,4010,21.0,PC,461.13,CHF,9683.73,2025-09-05,2025-10-12,2025-10-14,460008613,Z045,Approved,BUYER06,BUYER06,2
4500078,00010,0000100008,Bramble Manufacturing AG,MAT-100224,Reinforced valve type 33 (Logistics and freight),MG50,4000,4000,P05,4010,40.0,H,633.5,CHF,25340.0,2025-10-15,2025-11-19,2025-11-17,460008424,Z045,Approved,BUYER10,BUYER10,4
4500078,00020,0000100008,Bramble Manufacturing AG,MAT-100581,Compact bearing type 4 (Specialised tooling),MG90,4000,4000,P05,4010,7.0,PC,3747.97,CHF,26235.79,2025-10-15,2025-11-19,2025-11-17,460008781,Z045,Approved,BUYER10,BUYER10,3
4500078,00030,0000100008,Bramble Manufacturing AG,MAT-100497,High-temperature seal ring type 32 (Specialised tooling),MG90,4000,4000,P05,4010,2.0,EA,2932.75,CHF,5865.5,2025-10-15,2025-11-19,2025-11-17,460008697,Z045,Approved,BUYER10,BUYER10,2
4500079,00010,0000100008,Bramble Manufacturing AG,MAT-100581,Compact bearing type 4 (Specialised tooling),MG90,4000,4000,P04,4010,10.0,PC,3699.31,CHF,36993.1,2025-11-06,2025-12-21,2025-12-23,460008781,Z045,Approved,BUYER06,BUYER06,0
4500079,00020,0000100008,Bramble Manufacturing AG,MAT-100077,Insulated actuator type 12 (Specialised tooling),MG90,4000,4000,P04,4010,4.0,EA,1022.36,CHF,4089.44,2025-11-06,2025-12-21,2025-12-23,460008277,Z045,Approved,BUYER06,BUYER06,0
4500079,00030,0000100008,Bramble Manufacturing AG,MAT-100224,Reinforced valve type 33 (Logistics and freight),MG50,4000,4000,P04,4010,47.0,H,633.73,CHF,29785.31,2025-11-06,2025-12-21,2025-12-23,460008424,Z045,Approved,BUYER06,BUYER06,0
4500080,00010,0000100008,Bramble Manufacturing AG,MAT-100224,Reinforced valve type 33 (Logistics and freight),MG50,4000,4000,P05,4010,30.0,H,610.08,CHF,18302.4,2025-12-04,2025-12-18,2025-12-16,460008424,Z045,Approved,BUYER12,BUYER12,2
4500080,00020,0000100008,Bramble Manufacturing AG,MAT-100329,Compact housing type 8 (Specialised tooling),MG90,4000,4000,P05,4010,1.0,PC,1452.68,CHF,1452.68,2025-12-04,2025-12-18,2025-12-16,460008529,Z045,Approved,BUYER12,BUYER12,4
4500080,00030,0000100008,Bramble Manufacturing AG,MAT-100245,Reinforced relay type 36 (Specialised tooling),MG90,4000,4000,P05,4010,10.0,EA,2098.42,CHF,20984.2,2025-12-04,2025-12-18,2025-12-16,460008445,Z045,Approved,BUYER12,BUYER12,3
4500080,00040,0000100008,Bramble Manufacturing AG,MAT-100413,Precision pulley type 20 (Specialised tooling),MG90,4000,4000,P05,4010,60.0,PC,454.64,CHF,27278.4,2025-12-04,2025-12-18,2025-12-16,460008613,PREPAY,Approved,BUYER12,BUYER12,4
4500081,00010,0000100009,Cobalt Components SA,MAT-100224,Reinforced valve type 33 (Logistics and freight),MG50,1000,1000,P02,1010,32.0,H,641.28,EUR,20520.96,2025-01-06,2025-02-03,2025-02-04,460009424,NT60,Approved,BUYER12,BUYER12,0
4500082,00010,0000100009,Cobalt Components SA,MAT-100224,Reinforced valve type 33 (Logistics and freight),MG50,1000,1000,P05,1020,53.0,H,624.66,EUR,33106.98,2025-02-15,2025-02-26,2025-02-21,460009424,NT60,Approved,BUYER05,BUYER05,4
4500083,00010,0000100009,Cobalt Components SA,MAT-100224,Reinforced valve type 33 (Logistics and freight),MG50,1000,1000,P01,1010,41.0,H,630.75,EUR,25860.75,2025-03-20,2025-05-02,2025-04-29,460009424,NT60,Approved,BUYER10,BUYER10,1
4500084,00010,0000100009,Cobalt Components SA,MAT-100224,Reinforced valve type 33 (Logistics and freight),MG50,1000,1000,P05,1010,12.0,H,666.29,EUR,7995.48,2025-04-17,2025-05-18,2025-05-21,460009424,NT60,Approved,BUYER12,BUYER12,0
4500085,00010,0000100009,Cobalt Components SA,MAT-100224,Reinforced valve type 33 (Logistics and freight),MG50,1000,1000,P01,1010,11.0,H,643.95,EUR,7083.45,2025-06-05,2025-07-07,2025-07-10,460009424,NT60,Approved,BUYER03,BUYER03,0
4500086,00010,0000100009,Cobalt Components SA,MAT-100224,Reinforced valve type 33 (Logistics and freight),MG50,1000,1000,P05,1010,44.0,H,668.78,EUR,29426.32,2025-07-13,2025-08-14,2025-08-16,460009424,NT60,Approved,BUYER06,BUYER06,4
4500087,00010,0000100009,Cobalt Components SA,MAT-100224,Reinforced valve type 33 (Logistics and freight),MG50,1000,1000,P02,1020,9.0,H,669.83,EUR,6028.47,2025-08-27,2025-09-12,2025-09-15,460009424,NT60,Approved,BUYER07,BUYER07,0
4500088,00010,0000100009,Cobalt Components SA,MAT-100224,Reinforced valve type 33 (Logistics and freight),MG50,1000,1000,P06,1020,28.0,H,638.22,EUR,17870.16,2025-09-27,2025-10-25,2025-10-23,460009424,NT60,Approved,BUYER05,BUYER05,4
4500089,00010,0000100009,Cobalt Components SA,MAT-100224,Reinforced valve type 33 (Logistics and freight),MG50,1000,1000,P04,1020,40.0,H,633.41,EUR,25336.4,2025-11-09,2025-12-14,2025-12-13,460009424,NT60,Approved,BUYER08,BUYER08,0
4500090,00010,0000100010,Driftwood Technologies Oy,MAT-100238,Industrial sensor type 35 (Safety equipment),MG60,2000,2000,P06,2020,51.0,PC,255.73,USD,13042.23,2025-01-13,2025-01-23,2025-01-23,460010438,NT60,Approved,BUYER12,BUYER12,0
4500090,00020,0000100010,Driftwood Technologies Oy,MAT-100343,Low-friction filter type 10 (Mechanical parts),MG15,2000,2000,P06,2020,37.0,EA,117.12,USD,4333.44,2025-01-13,2025-01-23,2025-01-23,460010543,NT60,Approved,BUYER12,BUYER12,3
4500091,00010,0000100010,Driftwood Technologies Oy,MAT-100252,Insulated connector type 37 (Electrical components),MG10,2000,2000,P01,2020,26.0,PC,364.76,USD,9483.76,2025-03-10,2025-04-07,2025-04-09,,NT60,Approved,BUYER11,BUYER11,4
4500092,00010,0000100010,Driftwood Technologies Oy,MAT-100238,Industrial sensor type 35 (Safety equipment),MG60,2000,2000,P02,2020,60.0,PC,268.01,USD,16080.6,2025-04-10,2025-05-17,2025-05-12,460010438,NT60,Approved,BUYER01,BUYER01,3
4500092,00020,0000100010,Driftwood Technologies Oy,MAT-100518,Stainless pulley type 35 (Raw steel and metals),MG20,2000,2000,P02,2020,95.0,KG,21.51,USD,2043.45,2025-04-10,2025-05-17,2025-05-12,460010718,NT60,Approved,BUYER01,BUYER01,1
4500093,00010,0000100010,Driftwood Technologies Oy,MAT-100238,Industrial sensor type 35 (Safety equipment),MG60,2000,2000,P03,2010,26.0,PC,243.85,USD,6340.1,2025-05-11,2025-06-17,2025-06-14,460010438,NT60,Open,BUYER01,BUYER01,4
4500094,00010,0000100010,Driftwood Technologies Oy,MAT-100238,Industrial sensor type 35 (Safety equipment),MG60,2000,2000,P06,2020,16.0,PC,266.97,USD,4271.52,2025-06-21,2025-07-26,2025-07-22,460010438,NT60,Approved,BUYER09,BUYER09,3
4500094,00020,0000100010,Driftwood Technologies Oy,MAT-100252,Insulated connector type 37 (Electrical components),MG10,2000,2000,P06,2020,23.0,PC,361.31,USD,8310.13,2025-06-21,2025-07-26,2025-07-22,,NT60,Approved,BUYER09,BUYER09,3
4500095,00010,0000100010,Driftwood Technologies Oy,MAT-100238,Industrial sensor type 35 (Safety equipment),MG60,2000,2000,P05,2020,21.0,PC,245.82,USD,5162.22,2025-08-13,2025-09-14,2025-09-17,460010438,NT60,Approved,BUYER02,BUYER02,3
4500095,00020,0000100010,Driftwood Technologies Oy,MAT-100252,Insulated connector type 37 (Electrical components),MG10,2000,2000,P05,2020,48.0,PC,354.21,USD,17002.08,2025-08-13,2025-09-14,2025-09-17,,NT60,Approved,BUYER02,BUYER02,2
4500095,00030,0000100010,Driftwood Technologies Oy,MAT-100343,Low-friction filter type 10 (Mechanical parts),MG15,2000,2000,P05,2020,13.0,EA,117.15,USD,1522.95,2025-08-13,2025-09-14,2025-09-17,460010543,NT60,Approved,BUYER02,BUYER02,1
4500095,00040,0000100010,Driftwood Technologies Oy,MAT-100518,Stainless pulley type 35 (Raw steel and metals),MG20,2000,2000,P05,2020,273.0,KG,20.08,USD,5481.84,2025-08-13,2025-09-14,2025-09-17,460010718,NT60,Approved,BUYER02,BUYER02,1
4500096,00010,0000100010,Driftwood Technologies Oy,MAT-100518,Stainless pulley type 35 (Raw steel and metals),MG20,2000,2000,P02,2010,366.0,KG,20.45,USD,7484.7,2025-10-04,2025-11-02,2025-11-05,460010718,NT60,Approved,BUYER04,BUYER04,4
4500096,00020,0000100010,Driftwood Technologies Oy,MAT-100252,Insulated connector type 37 (Electrical components),MG10,2000,2000,P02,2010,25.0,PC,356.79,USD,8919.75,2025-10-04,2025-11-02,2025-11-05,,NT60,Approved,BUYER04,BUYER04,0
4500096,00030,0000100010,Driftwood Technologies Oy,MAT-100343,Low-friction filter type 10 (Mechanical parts),MG15,2000,2000,P02,2010,33.0,EA,107.98,USD,3563.34,2025-10-04,2025-11-02,2025-11-05,460010543,NT60,Approved,BUYER04,BUYER04,1
4500096,00040,0000100010,Driftwood Technologies Oy,MAT-100238,Industrial sensor type 35 (Safety equipment),MG60,2000,2000,P02,2010,14.0,PC,254.63,USD,3564.82,2025-10-04,2025-11-02,2025-11-05,,NT60,Approved,BUYER04,BUYER04,3
4500097,00010,0000100010,Driftwood Technologies Oy,MAT-100238,Industrial sensor type 35 (Safety equipment),MG60,2000,2000,P05,2020,31.0,PC,252.34,USD,7822.54,2025-11-25,2025-12-19,2025-12-17,460010438,NT60,Approved,BUYER12,BUYER12,0
4500098,00010,0000100011,Ember Trading BV,MAT-100322,Precision bracket type 7 (Safety equipment),MG60,3000,3000,P03,3010,33.0,PC,169.74,GBP,5601.42,2025-01-06,2025-01-26,2025-01-22,460011522,NT60,Approved,BUYER01,BUYER01,2
4500098,00020,0000100011,Ember Trading BV,MAT-100560,Heavy-duty cartridge type 1 (Logistics and freight),MG50,3000,3000,P03,3010,10.0,EA,699.65,GBP,6996.5,2025-01-06,2025-01-26,2025-01-22,460011760,NT60,Approved,BUYER01,BUYER01,0
4500098,00030,0000100011,Ember Trading BV,MAT-100315,Modular pulley type 6 (Laboratory equipment),MG55,3000,3000,P03,3010,1.0,PC,1352.33,GBP,1352.33,2025-01-06,2025-01-26,2025-01-22,460011515,NT60,Approved,BUYER01,BUYER01,2
4500099,00010,0000100011,Ember Trading BV,MAT-100315,Modular pulley type 6 (Laboratory equipment),MG55,3000,3000,P05,3010,8.0,PC,1332.43,GBP,10659.44,2025-02-17,2025-03-04,2025-03-01,460011515,NT60,Approved,BUYER02,BUYER02,2
4500099,00020,0000100011,Ember Trading BV,MAT-100560,Heavy-duty cartridge type 1 (Logistics and freight),MG50,3000,3000,P05,3010,3.0,EA,704.68,GBP,2114.04,2025-02-17,2025-03-04,2025-03-01,460011760,NT60,Approved,BUYER02,BUYER02,0
4500099,00030,0000100011,Ember Trading BV,MAT-100322,Precision bracket type 7 (Safety equipment),MG60,3000,3000,P05,3010,58.0,PC,165.43,GBP,9594.94,2025-02-17,2025-03-04,2025-03-01,460011522,NT60,Approved,BUYER02,BUYER02,3
4500100,00010,0000100011,Ember Trading BV,MAT-100315,Modular pulley type 6 (Laboratory equipment),MG55,3000,3000,P02,3010,8.0,PC,1315.3,GBP,10522.4,2025-03-21,2025-05-04,2025-04-29,460011515,NT60,Approved,BUYER07,BUYER07,0
4500100,00020,0000100011,Ember Trading BV,MAT-100322,Precision bracket type 7 (Safety equipment),MG60,3000,3000,P02,3010,32.0,PC,164.62,GBP,5267.84,2025-03-21,2025-05-04,2025-04-29,460011522,NT60,Approved,BUYER07,BUYER07,0
4500100,00030,0000100011,Ember Trading BV,MAT-100560,Heavy-duty cartridge type 1 (Logistics and freight),MG50,3000,3000,P02,3010,10.0,EA,698.58,GBP,6985.8,2025-03-21,2025-05-04,2025-04-29,460011760,NT60,Approved,BUYER07,BUYER07,0
4500101,00010,0000100011,Ember Trading BV,MAT-100315,Modular pulley type 6 (Laboratory equipment),MG55,3000,3000,P03,3010,3.0,PC,1383.62,GBP,4150.86,2025-04-24,2025-05-31,2025-05-26,460011515,NT60,Approved,BUYER05,BUYER05,0
4500101,00020,0000100011,Ember Trading BV,MAT-100322,Precision bracket type 7 (Safety equipment),MG60,3000,3000,P03,3010,0.0,PC,173.55,GBP,0.0,2025-04-24,2025-05-31,2025-05-26,460011522,NT60,Approved,BUYER05,BUYER05,0
4500101,00030,0000100011,Ember Trading BV,MAT-100560,Heavy-duty cartridge type 1 (Logistics and freight),MG50,3000,3000,P03,3010,9.0,EA,722.28,GBP,6500.52,2025-04-24,2025-05-31,2025-05-26,460011760,NT60,Approved,BUYER05,BUYER05,4
4500102,00010,0000100011,Ember Trading BV,MAT-100315,Modular pulley type 6 (Laboratory equipment),MG55,3000,3000,P04,3010,5.0,PC,1334.05,GBP,6670.25,2025-05-25,2025-06-07,2025-06-08,460011515,NT60,Approved,BUYER11,BUYER11,0
4500103,00010,0000100011,Ember Trading BV,MAT-100315,Modular pulley type 6 (Laboratory equipment),MG55,3000,3000,P02,3010,5.0,PC,1337.64,GBP,6688.2,2025-06-24,2025-07-31,2025-08-01,460011515,NT60,Approved,BUYER01,BUYER01,4
4500103,00020,0000100011,Ember Trading BV,MAT-100560,Heavy-duty cartridge type 1 (Logistics and freight),MG50,3000,3000,P02,3010,7.0,EA,708.02,GBP,4956.14,2025-06-24,2025-07-31,2025-08-01,460011760,NT60,Approved,BUYER01,BUYER01,3
4500103,00030,0000100011,Ember Trading BV,MAT-100322,Precision bracket type 7 (Safety equipment),MG60,3000,3000,P02,3010,9.0,PC,173.79,GBP,1564.11,2025-06-24,2025-07-31,2025-08-01,460011522,NT60,Approved,BUYER01,BUYER01,1
4500104,00010,0000100011,Ember Trading BV,MAT-100322,Precision bracket type 7 (Safety equipment),MG60,3000,3000,P04,3010,34.0,PC,171.38,GBP,5826.92,2025-08-03,2025-08-24,2025-08-20,460011522,NT60,Approved,BUYER03,BUYER03,1
4500104,00020,0000100011,Ember Trading BV,MAT-100560,Heavy-duty cartridge type 1 (Logistics and freight),MG50,3000,3000,P04,3010,3.0,EA,686.16,GBP,2058.48,2025-08-03,2025-08-24,2025-08-20,460011760,NT60,Approved,BUYER03,BUYER03,3
4500104,00030,0000100011,Ember Trading BV,MAT-100315,Modular pulley type 6 (Laboratory equipment),MG55,3000,3000,P04,3010,11.0,PC,1364.88,GBP,15013.68,2025-08-03,2025-08-24,2025-08-20,460011515,NT60,Approved,BUYER03,BUYER03,1
4500105,00010,0000100011,Ember Trading BV,MAT-100560,Heavy-duty cartridge type 1 (Logistics and freight),MG50,3000,3000,P05,3010,2.0,EA,721.92,GBP,1443.84,2025-09-18,2025-10-09,2025-10-06,460011760,NT60,Approved,BUYER04,BUYER04,2
4500105,00020,0000100011,Ember Trading BV,MAT-100322,Precision bracket type 7 (Safety equipment),MG60,3000,3000,P05,3010,51.0,PC,162.36,GBP,8280.36,2025-09-18,2025-10-09,2025-10-06,460011522,NT60,Approved,BUYER04,BUYER04,0
4500105,00030,0000100011,Ember Trading BV,MAT-100315,Modular pulley type 6 (Laboratory equipment),MG55,3000,3000,P05,3010,2.0,PC,1323.98,GBP,2647.96,2025-09-18,2025-10-09,2025-10-06,460011515,NT60,Approved,BUYER04,BUYER04,3
4500106,00010,0000100011,Ember Trading BV,MAT-100560,Heavy-duty cartridge type 1 (Logistics and freight),MG50,3000,3000,P01,3010,3.52,EA,691.22,GBP,2433.09,2025-10-21,2025-11-03,2025-10-31,460011760,NT60,Approved,BUYER04,BUYER04,4
4500106,00020,0000100011,Ember Trading BV,MAT-100315,Modular pulley type 6 (Laboratory equipment),MG55,3000,3000,P01,3010,3.52,PC,1334.56,GBP,4697.65,2025-10-21,2025-11-03,2025-10-31,460011515,NT60,Approved,BUYER04,BUYER04,3
4500107,00010,0000100012,Fairmont Technologies Oy,MAT-100063,Stainless gasket type 10 (Laboratory equipment),MG55,4000,4000,P02,4010,5.0,PC,2118.07,CHF,10590.35,2025-01-06,2025-02-17,2025-02-20,460012263,Z045,Approved,BUYER06,BUYER06,0
4500107,00020,0000100012,Fairmont Technologies Oy,MAT-100595,High-temperature pulley type 6 (Mechanical parts),MG15,4000,4000,P02,4010,55.0,PC,707.39,CHF,38906.45,2025-01-06,2025-02-17,2025-02-20,460012795,Z045,Approved,BUYER06,BUYER06,1
4500108,00010,0000100012,Fairmont Technologies Oy,MAT-100063,Stainless gasket type 10 (Laboratory equipment),MG55,4000,4000,P02,4010,8.0,PC,2064.56,CHF,16516.48,2025-02-10,2025-02-26,2025-02-28,460012263,Z045,Approved,BUYER08,BUYER08,0
4500108,00020,0000100012,Fairmont Technologies Oy,MAT-100595,High-temperature pulley type 6 (Mechanical parts),MG15,4000,4000,P02,4010,27.0,PC,694.66,CHF,18755.82,2025-02-10,2025-02-26,2025-02-28,460012795,Z045,Approved,BUYER08,BUYER08,4
4500109,00010,0000100012,Fairmont Technologies Oy,MAT-100063,Stainless gasket type 10 (Laboratory equipment),MG55,4000,4000,P03,4010,5.0,PC,1971.07,CHF,9855.35,2025-03-08,2025-04-07,2025-04-07,460012263,Z045,Approved,BUYER06,BUYER06,1
4500109,00020,0000100012,Fairmont Technologies Oy,MAT-100595,High-temperature pulley type 6 (Mechanical parts),MG15,4000,4000,P03,4010,12.0,PC,664.87,CHF,7978.44,2025-03-08,2025-04-07,2025-04-07,460012795,Z045,Approved,BUYER06,BUYER06,0
4500110,00010,0000100012,Fairmont Technologies Oy,MAT-100595,High-temperature pulley type 6 (Mechanical parts),MG15,4000,4000,P03,4010,14.0,PC,698.83,CHF,9783.62,2025-04-15,2025-05-27,2025-05-26,460012795,Z045,Approved,BUYER10,BUYER10,3
4500111,00010,0000100012,Fairmont Technologies Oy,MAT-100063,Stainless gasket type 10 (Laboratory equipment),MG55,4000,4000,P04,4010,9.0,PC,2035.95,CHF,18323.55,2025-05-25,2025-06-08,2025-06-06,460012263,Z045,Approved,BUYER10,BUYER10,4
4500111,00020,0000100012,Fairmont Technologies Oy,MAT-100595,High-temperature pulley type 6 (Mechanical parts),MG15,4000,4000,P04,4010,49.0,PC,701.43,CHF,34370.07,2025-05-25,2025-06-08,2025-06-06,460012795,Z045,Approved,BUYER10,BUYER10,2
4500112,00010,0000100012,Fairmont Technologies Oy,MAT-100063,Stainless gasket type 10 (Laboratory equipment),MG55,4000,4000,P04,4010,4.0,PC,1993.83,CHF,7975.32,2025-06-26,2025-07-20,2025-07-22,460012263,Z045,Approved,BUYER01,BUYER01,2
4500112,00020,0000100012,Fairmont Technologies Oy,MAT-100595,High-temperature pulley type 6 (Mechanical parts),MG15,4000,4000,P04,4010,44.0,PC,683.54,CHF,30075.76,2025-06-26,2025-07-20,2025-07-22,460012795,Z045,Approved,BUYER01,BUYER01,4
4500113,00010,0000100012,Fairmont Technologies Oy,MAT-100063,Stainless gasket type 10 (Laboratory equipment),MG55,4000,4000,P04,4010,10.0,PC,1937.22,CHF,19372.2,2025-07-29,2025-09-12,2025-09-12,460012263,Z045,Approved,BUYER07,BUYER07,1
4500114,00010,0000100012,Fairmont Technologies Oy,MAT-100595,High-temperature pulley type 6 (Mechanical parts),MG15,4000,4000,P02,4010,33.0,PC,714.25,CHF,23570.25,2025-09-07,2025-10-20,2025-10-20,460012795,Z045,Approved,BUYER06,BUYER06,2
4500115,00010,0000100012,Fairmont Technologies Oy,MAT-100595,High-temperature pulley type 6 (Mechanical parts),MG15,4000,4000,P01,4010,42.0,PC,673.05,CHF,28268.1,2025-10-20,2025-11-01,2025-10-27,460012795,Z045,Approved,BUYER05,BUYER05,0
4500115,00020,0000100012,Fairmont Technologies Oy,MAT-100063,Stainless gasket type 10 (Laboratory equipment),MG55,4000,4000,P01,4010,1.0,PC,2120.84,CHF,2120.84,2025-10-20,2025-11-01,2025-10-27,460012263,Z045,Approved,BUYER05,BUYER05,1
4500116,00010,0000100012,Fairmont Technologies Oy,MAT-100063,Stainless gasket type 10 (Laboratory equipment),MG55,4000,4000,P02,4010,9.68,PC,2101.92,CHF,20346.59,2025-11-19,2026-01-01,2026-01-04,460012263,Z045,Approved,BUYER11,BUYER11,0
4500116,00020,0000100012,Fairmont Technologies Oy,MAT-100595,High-temperature pulley type 6 (Mechanical parts),MG15,4000,4000,P02,4010,27.28,PC,715.04,CHF,19506.29,2025-11-19,2026-01-01,2026-01-04,460012795,Z045,Approved,BUYER11,BUYER11,0
4500117,00010,0000100013,Granite Logistics AS,MAT-100301,High-temperature spindle type 4 (Maintenance services),MG45,1000,1000,P06,1020,166.0,H,102.65,EUR,17039.9,2025-01-24,2025-02-16,2025-02-11,460013501,NT60,Approved,BUYER02,BUYER02,4
4500117,00020,0000100013,Granite Logistics AS,MAT-100287,Low-friction membrane type 2 (Office and facility supplies),MG35,1000,1000,P06,1020,311.0,PC,8.15,EUR,2534.65,2025-01-24,2025-02-16,2025-02-11,460013487,NT60,Approved,BUYER02,BUYER02,1
4500118,00010,0000100013,Granite Logistics AS,MAT-100441,High-temperature terminal block type 24 (Packaging materials),MG25,1000,1000,P04,1020,197.0,PC,1.62,EUR,319.14,2025-02-24,2025-03-21,2025-03-24,460013641,NT60,Approved,BUYER11,BUYER11,4
4500118,00020,0000100013,Granite Logistics AS,MAT-100287,Low-friction membrane type 2 (Office and facility supplies),MG35,1000,1000,P04,1020,205.0,PC,8.19,EUR,1678.95,2025-02-24,2025-03-21,2025-03-24,460013487,NT60,Approved,BUYER11,BUYER11,4
4500119,00010,0000100013,Granite Logistics AS,MAT-100301,High-temperature spindle type 4 (Maintenance services),MG45,1000,1000,P03,1020,31.0,H,103.01,EUR,3193.31,2025-03-24,2025-04-29,2025-05-02,460013501,NT60,Approved,BUYER06,BUYER06,3
4500119,00020,0000100013,Granite Logistics AS,MAT-100287,Low-friction membrane type 2 (Office and facility supplies),MG35,1000,1000,P03,1020,26.0,PC,8.02,EUR,208.52,2025-03-24,2025-04-29,2025-05-02,460013487,NT60,Approved,BUYER06,BUYER06,2
4500119,00030,0000100013,Granite Logistics AS,MAT-100441,High-temperature terminal block type 24 (Packaging materials),MG25,1000,1000,P03,1020,257.0,PC,1.61,EUR,413.77,2025-03-24,2025-04-29,2025-05-02,460013641,NT60,Approved,BUYER06,BUYER06,4
4500120,00010,0000100013,Granite Logistics AS,MAT-100287,Low-friction membrane type 2 (Office and facility supplies),MG35,1000,1000,P02,1010,117.0,PC,7.78,EUR,910.26,2025-04-26,2025-05-12,2025-05-13,460013487,NT60,Approved,BUYER08,BUYER08,2
4500121,00010,0000100013,Granite Logistics AS,MAT-100287,Low-friction membrane type 2 (Office and facility supplies),MG35,1000,1000,P04,1010,371.0,PC,8.13,EUR,3016.23,2025-06-05,2025-06-18,2025-06-17,460013487,NT60,Approved,BUYER03,BUYER03,0
4500121,00020,0000100013,Granite Logistics AS,MAT-100441,High-temperature terminal block type 24 (Packaging materials),MG25,1000,1000,P04,1010,154.0,PC,1.69,EUR,260.26,2025-06-05,2025-06-18,2025-06-17,460013641,NT60,Approved,BUYER03,BUYER03,2
4500121,00030,0000100013,Granite Logistics AS,MAT-100301,High-temperature spindle type 4 (Maintenance services),MG45,1000,1000,P04,1010,193.0,H,96.91,EUR,18703.63,2025-06-05,2025-06-18,2025-06-17,460013501,NT60,Approved,BUYER03,BUYER03,4
4500122,00010,0000100013,Granite Logistics AS,MAT-100441,High-temperature terminal block type 24 (Packaging materials),MG25,1000,1000,P02,1010,386.0,PC,1.6,EUR,617.6,2025-07-06,2025-08-05,2025-08-08,460013641,NT60,Approved,BUYER03,BUYER03,2
4500122,00020,0000100013,Granite Logistics AS,MAT-100287,Low-friction membrane type 2 (Office and facility supplies),MG35,1000,1000,P02,1010,209.0,PC,8.0,EUR,1672.0,2025-07-06,2025-08-05,2025-08-08,460013487,NT60,Approved,BUYER03,BUYER03,4
4500122,00030,0000100013,Granite Logistics AS,MAT-100301,High-temperature spindle type 4 (Maintenance services),MG45,1000,1000,P02,1010,192.0,H,98.28,EUR,18869.76,2025-07-06,2025-08-05,2025-08-08,460013501,NT60,Approved,BUYER03,BUYER03,2
4500123,00010,0000100013,Granite Logistics AS,MAT-100287,Low-friction membrane type 2 (Office and facility supplies),MG35,1000,1000,P06,1020,322.0,PC,8.28,EUR,2666.16,2025-07-28,2025-09-04,2025-09-05,460013487,NT60,Approved,BUYER04,BUYER04,3
4500124,00010,0000100013,Granite Logistics AS,MAT-100441,High-temperature terminal block type 24 (Packaging materials),MG25,1000,1000,P06,1010,268.0,PC,1.65,EUR,442.2,2025-08-31,2025-10-08,2025-10-09,460013641,NT60,Approved,BUYER08,BUYER08,0
4500124,00020,0000100013,Granite Logistics AS,MAT-100287,Low-friction membrane type 2 (Office and facility supplies),MG35,1000,1000,P06,1010,345.0,PC,7.67,EUR,2646.15,2025-08-31,2025-10-08,2025-10-09,460013487,NT60,Approved,BUYER08,BUYER08,1
4500125,00010,0000100013,Granite Logistics AS,MAT-100287,Low-friction membrane type 2 (Office and facility supplies),MG35,1000,1000,P01,1010,303.0,PC,7.82,EUR,2369.46,2025-10-10,2025-11-06,2025-11-02,460013487,NT60,Approved,BUYER05,BUYER05,4
4500125,00020,0000100013,Granite Logistics AS,MAT-100301,High-temperature spindle type 4 (Maintenance services),MG45,1000,1000,P01,1010,193.0,H,97.0,EUR,18721.0,2025-10-10,2025-11-06,2025-11-02,460013501,NT60,Approved,BUYER05,BUYER05,4
4500125,00030,0000100013,Granite Logistics AS,MAT-100441,High-temperature terminal block type 24 (Packaging materials),MG25,1000,1000,P01,1010,264.0,PC,1.69,EUR,446.16,2025-10-10,2025-11-06,2025-11-02,460013641,NT60,Approved,BUYER05,BUYER05,2
4500126,00010,0000100013,Granite Logistics AS,MAT-100287,Low-friction membrane type 2 (Office and facility supplies),MG35,1000,1000,P02,1010,187.0,PC,8.04,EUR,1503.48,2025-11-02,2025-12-16,2025-12-17,460013487,NT60,Open,BUYER10,BUYER10,0
4500126,00020,0000100013,Granite Logistics AS,MAT-100441,High-temperature terminal block type 24 (Packaging materials),MG25,1000,1000,P02,1010,29.0,PC,1.68,EUR,48.72,2025-11-02,2025-12-16,2025-12-17,460013641,NT60,Open,BUYER10,BUYER10,4
4500127,00010,0000100013,Granite Logistics AS,MAT-100441,High-temperature terminal block type 24 (Packaging materials),MG25,1000,1000,P01,1010,211.0,PC,1.71,EUR,360.81,2025-11-26,2026-01-10,2026-01-11,460013641,NT60,Approved,BUYER01,BUYER01,3
4500127,00020,0000100013,Granite Logistics AS,MAT-100301,High-temperature spindle type 4 (Maintenance services),MG45,1000,1000,P01,1010,136.0,H,95.05,EUR,12926.8,2025-11-26,2026-01-10,2026-01-11,460013501,NT60,Approved,BUYER01,BUYER01,1
4500127,00030,0000100013,Granite Logistics AS,MAT-100287,Low-friction membrane type 2 (Office and facility supplies),MG35,1000,1000,P01,1010,207.0,PC,8.26,EUR,1709.82,2025-11-26,2026-01-10,2026-01-11,460013487,NT60,Approved,BUYER01,BUYER01,3
4500128,00010,0000100014,Harbourview Industrie GmbH,MAT-100140,Stainless clamp type 21 (Logistics and freight),MG50,2000,2000,P04,2010,47.0,H,416.37,USD,19569.39,2025-01-26,2025-02-27,2025-03-02,460014340,Z060,Approved,BUYER01,BUYER01,0
4500129,00010,0000100014,Harbourview Industrie GmbH,MAT-100007,High-temperature clamp type 2 (Mechanical parts),MG15,2000,2000,P04,2020,6.0,PC,821.32,USD,4927.92,2025-03-01,2025-04-03,2025-03-30,460014207,Z060,Approved,BUYER11,BUYER11,4
4500130,00010,0000100014,Harbourview Industrie GmbH,MAT-100140,Stainless clamp type 21 (Logistics and freight),MG50,2000,2000,P04,2010,10.0,H,425.14,USD,4251.4,2025-04-01,2025-05-06,2025-05-02,460014340,Z060,Approved,BUYER09,BUYER09,1
4500130,00020,0000100014,Harbourview Industrie GmbH,MAT-100595,High-temperature pulley type 6 (Mechanical parts),MG15,2000,2000,P04,2010,19.0,PC,812.02,USD,15428.38,2025-04-01,2025-05-06,2025-05-02,460014795,Z060,Approved,BUYER09,BUYER09,2
4500130,00030,0000100014,Harbourview Industrie GmbH,MAT-100119,High-temperature connector type 18 (Office and facility supplies),MG35,2000,2000,P04,2010,146.0,PC,58.41,USD,8527.86,2025-04-01,2025-05-06,2025-05-02,460014319,Z060,Approved,BUYER09,BUYER09,1
4500131,00010,0000100014,Harbourview Industrie GmbH,MAT-100140,Stainless clamp type 21 (Logistics and freight),MG50,2000,2000,P05,2010,14.0,H,438.66,USD,6141.24,2025-05-07,2025-05-29,2025-05-29,460014340,Z060,Approved,BUYER10,BUYER10,2
4500131,00020,0000100014,Harbourview Industrie GmbH,MAT-100007,High-temperature clamp type 2 (Mechanical parts),MG15,2000,2000,P05,2010,39.0,PC,791.98,USD,30887.22,2025-05-07,2025-05-29,2025-05-29,460014207,Z060,Approved,BUYER10,BUYER10,1
4500131,00030,0000100014,Harbourview Industrie GmbH,MAT-100595,High-temperature pulley type 6 (Mechanical parts),MG15,2000,2000,P05,2010,46.0,PC,791.69,USD,36417.74,2025-05-07,2025-05-29,2025-05-29,460014795,Z060,Approved,BUYER10,BUYER10,4
4500132,00010,0000100014,Harbourview Industrie GmbH,MAT-100007,High-temperature clamp type 2 (Mechanical parts),MG15,2000,2000,P02,2010,17.0,PC,761.15,USD,12939.55,2025-06-14,2025-07-14,2025-07-15,460014207,Z060,Approved,BUYER10,BUYER10,2
4500133,00010,0000100014,Harbourview Industrie GmbH,MAT-100007,High-temperature clamp type 2 (Mechanical parts),MG15,2000,2000,P03,2010,14.08,PC,774.27,USD,10901.72,2025-07-15,2025-08-27,2025-08-23,460014207,Z060,Open,BUYER01,BUYER01,1
4500133,00020,0000100014,Harbourview Industrie GmbH,MAT-100595,High-temperature pulley type 6 (Mechanical parts),MG15,2000,2000,P03,2010,46.64,PC,767.87,USD,35813.46,2025-07-15,2025-08-27,2025-08-23,460014795,Z060,Open,BUYER01,BUYER01,2
4500134,00010,0000100014,Harbourview Industrie GmbH,MAT-100595,High-temperature pulley type 6 (Mechanical parts),MG15,2000,2000,P05,2010,30.0,PC,812.19,USD,24365.7,2025-08-24,2025-09-25,2025-09-25,460014795,Z060,Approved,BUYER07,BUYER07,0
4500134,00020,0000100014,Harbourview Industrie GmbH,MAT-100140,Stainless clamp type 21 (Logistics and freight),MG50,2000,2000,P05,2010,23.0,H,445.25,USD,10240.75,2025-08-24,2025-09-25,2025-11-08,460014340,Z060,Approved,BUYER07,BUYER07,0
4500134,00030,0000100014,Harbourview Industrie GmbH,MAT-100119,High-temperature connector type 18 (Office and facility supplies),MG35,2000,2000,P05,2010,352.0,PC,58.28,USD,20514.56,2025-08-24,2025-09-25,2025-09-25,460014319,Z060,Approved,BUYER07,BUYER07,2
4500135,00010,0000100014,Harbourview Industrie GmbH,MAT-100140,Stainless clamp type 21 (Logistics and freight),MG50,2000,2000,P02,2010,30.0,H,441.11,USD,13233.3,2025-10-02,2025-10-28,2025-10-28,460014340,Z060,Approved,BUYER09,BUYER09,0
4500135,00020,0000100014,Harbourview Industrie GmbH,MAT-100007,High-temperature clamp type 2 (Mechanical parts),MG15,2000,2000,P02,2010,60.0,PC,808.04,USD,48482.4,2025-10-02,2025-10-28,2025-10-28,460014207,Z060,Approved,BUYER09,BUYER09,3
4500135,00030,0000100014,Harbourview Industrie GmbH,MAT-100119,High-temperature connector type 18 (Office and facility supplies),MG35,2000,2000,P02,2010,76.0,PC,57.33,USD,4357.08,2025-10-02,2025-10-28,2025-10-28,460014319,Z060,Approved,BUYER09,BUYER09,3
4500136,00010,0000100014,Harbourview Industrie GmbH,MAT-100119,High-temperature connector type 18 (Office and facility supplies),MG35,2000,2000,P02,2020,206.0,PC,58.55,USD,12061.3,2025-11-02,2025-12-11,2025-12-06,460014319,Z060,Approved,BUYER01,BUYER01,1
4500136,00020,0000100014,Harbourview Industrie GmbH,MAT-100140,Stainless clamp type 21 (Logistics and freight),MG50,2000,2000,P02,2020,6.0,H,441.53,USD,2649.18,2025-11-02,2025-12-11,2025-12-06,460014340,Z060,Approved,BUYER01,BUYER01,1
4500137,00010,0000100014,Harbourview Industrie GmbH,MAT-100007,High-temperature clamp type 2 (Mechanical parts),MG15,2000,2000,P03,2020,7.0,PC,758.58,USD,5310.06,2025-12-07,2026-01-05,2026-01-08,460014207,Z060,Not Approved,BUYER02,BUYER02,2
4500137,00020,0000100014,Harbourview Industrie GmbH,MAT-100140,Stainless clamp type 21 (Logistics and freight),MG50,2000,2000,P03,2020,34.0,H,419.05,USD,14247.7,2025-12-07,2026-01-05,2026-01-08,460014340,Z060,Not Approved,BUYER02,BUYER02,0
4500138,00010,0000100015,Ironwood Components SA,MAT-100378,Precision pulley type 15 (IT hardware),MG40,3000,3000,P02,3010,6.0,EA,1774.43,GBP,10646.58,2025-01-15,2025-02-20,2025-02-18,,NT30,Approved,BUYER03,BUYER03,4
4500138,00020,0000100015,Ironwood Components SA,MAT-100483,Insulated coupling type 30 (Laboratory equipment),MG55,3000,3000,P02,3010,9.0,EA,2224.26,GBP,20018.34,2025-01-15,2025-02-20,2025-02-18,460015683,NT30,Approved,BUYER03,BUYER03,2
4500139,00010,0000100015,Ironwood Components SA,MAT-100483,Insulated coupling type 30 (Laboratory equipment),MG55,3000,3000,P06,3010,11.0,EA,2208.04,GBP,24288.44,2025-02-18,2025-02-28,2025-02-24,460015683,NT30,Approved,BUYER11,BUYER11,2
4500140,00010,0000100015,Ironwood Components SA,MAT-100371,Modular filter type 14 (Office and facility supplies),MG35,3000,3000,P03,3010,247.0,PC,61.38,GBP,15160.86,2025-04-04,2025-04-27,2025-04-25,460015571,NT30,Approved,BUYER01,BUYER01,3
4500141,00010,0000100015,Ironwood Components SA,MAT-100378,Precision pulley type 15 (IT hardware),MG40,3000,3000,P04,3010,4.0,EA,1681.81,GBP,6727.24,2025-05-06,2025-06-12,2025-06-12,,NT30,Approved,BUYER10,BUYER10,1
4500141,00020,0000100015,Ironwood Components SA,MAT-100371,Modular filter type 14 (Office and facility supplies),MG35,3000,3000,P04,3010,337.0,PC,63.47,GBP,21389.39,2025-05-06,2025-06-12,2025-06-12,460015571,NT30,Approved,BUYER10,BUYER10,4
4500142,00010,0000100015,Ironwood Components SA,MAT-100371,Modular filter type 14 (Office and facility supplies),MG35,3000,3000,P05,3010,105.0,PC,60.7,GBP,6373.5,2025-06-04,2025-07-03,2025-07-06,460015571,NT30,Approved,BUYER07,BUYER11,16
4500143,00010,0000100015,Ironwood Components SA,MAT-100483,Insulated coupling type 30 (Laboratory equipment),MG55,3000,3000,P01,3010,6.0,EA,2241.93,GBP,13451.58,2025-07-23,2025-08-15,2025-08-18,460015683,NT30,Approved,BUYER04,BUYER04,4
4500143,00020,0000100015,Ironwood Components SA,MAT-100378,Precision pulley type 15 (IT hardware),MG40,3000,3000,P01,3010,6.0,EA,1677.49,GBP,10064.94,2025-07-23,2025-08-15,2025-08-18,,NT30,Approved,BUYER04,BUYER04,1
4500143,00030,0000100015,Ironwood Components SA,MAT-100371,Modular filter type 14 (Office and facility supplies),MG35,3000,3000,P01,3010,118.0,PC,62.75,GBP,7404.5,2025-07-23,2025-08-15,2025-08-18,460015571,NT30,Approved,BUYER04,BUYER04,4
4500144,00010,0000100015,Ironwood Components SA,MAT-100483,Insulated coupling type 30 (Laboratory equipment),MG55,3000,3000,P05,3010,8.0,EA,2186.9,GBP,17495.2,2025-08-27,2025-09-09,2025-09-07,460015683,NT30,Approved,BUYER10,BUYER10,1
4500144,00020,0000100015,Ironwood Components SA,MAT-100371,Modular filter type 14 (Office and facility supplies),MG35,3000,3000,P05,3010,56.0,PC,59.69,GBP,3342.64,2025-08-27,2025-09-09,2025-09-07,460015571,NT30,Approved,BUYER10,BUYER10,0
4500144,00030,0000100015,Ironwood Components SA,MAT-100378,Precision pulley type 15 (IT hardware),MG40,3000,3000,P05,3010,7.23,EA,1773.67,GBP,12823.63,2025-08-27,2025-09-09,2025-09-07,,NT30,Approved,BUYER10,BUYER10,4
4500145,00010,0000100015,Ironwood Components SA,MAT-100371,Modular filter type 14 (Office and facility supplies),MG35,3000,3000,P04,3010,119.0,PC,60.35,GBP,7181.65,2025-09-26,2025-10-19,2025-10-15,460015571,NT30,Approved,BUYER05,BUYER05,1
4500145,00020,0000100015,Ironwood Components SA,MAT-100483,Insulated coupling type 30 (Laboratory equipment),MG55,3000,3000,P04,3010,10.0,EA,2312.9,GBP,23129.0,2025-09-26,2025-10-19,2025-10-15,460015683,NT30,Approved,BUYER05,BUYER05,3
4500145,00030,0000100015,Ironwood Components SA,MAT-100378,Precision pulley type 15 (IT hardware),MG40,3000,3000,P04,3010,9.0,EA,1710.47,GBP,15394.23,2025-09-26,2025-10-19,2025-10-15,,NT30,Approved,BUYER05,BUYER05,1
4500146,00010,0000100015,Ironwood Components SA,MAT-100378,Precision pulley type 15 (IT hardware),MG40,3000,3000,P06,3010,9.0,EA,1711.9,GBP,15407.1,2025-11-10,2025-11-30,2025-11-29,,NT30,Approved,BUYER11,BUYER11,4
4500146,00020,0000100015,Ironwood Components SA,MAT-100371,Modular filter type 14 (Office and facility supplies),MG35,3000,3000,P06,3010,126.0,PC,61.93,GBP,7803.18,2025-11-10,2025-11-30,2026-01-31,460015571,NT30,Approved,BUYER11,BUYER11,0
4500146,00030,0000100015,Ironwood Components SA,MAT-100483,Insulated coupling type 30 (Laboratory equipment),MG55,3000,3000,P06,3010,11.0,EA,2281.9,GBP,25100.9,2025-11-10,2025-11-30,2025-11-29,460015683,NT30,Approved,BUYER11,BUYER11,3
4500147,00010,0000100016,Juniper Trading BV,MAT-100203,Compact seal ring type 30 (Office and facility supplies),MG35,4000,4000,P04,4010,376.0,PC,26.25,CHF,9870.0,2025-01-13,2025-02-18,2025-02-20,460016403,Z060,Approved,BUYER08,BUYER08,2
4500147,00020,0000100016,Juniper Trading BV,MAT-100399,Reinforced terminal block type 18 (Laboratory equipment),MG55,4000,4000,P04,4010,9.0,EA,2272.51,CHF,20452.59,2025-01-13,2025-02-18,2025-02-20,460016599,Z060,Approved,BUYER08,BUYER08,2
4500148,00010,0000100016,Juniper Trading BV,MAT-100399,Reinforced terminal block type 18 (Laboratory equipment),MG55,4000,4000,P04,4010,8.0,EA,2205.5,CHF,17644.0,2025-02-21,2025-03-05,2025-03-01,460016599,Z060,Approved,BUYER09,BUYER09,0
4500148,00020,0000100016,Juniper Trading BV,MAT-100203,Compact seal ring type 30 (Office and facility supplies),MG35,4000,4000,P04,4010,113.0,PC,27.06,CHF,3057.78,2025-02-21,2025-03-05,2025-03-01,460016403,Z060,Approved,BUYER09,BUYER09,0
4500149,00010,0000100016,Juniper Trading BV,MAT-100399,Reinforced terminal block type 18 (Laboratory equipment),MG55,4000,4000,P02,4010,3.0,EA,2270.6,CHF,6811.8,2025-04-12,2025-05-09,2025-05-10,460016599,Z060,Approved,BUYER04,BUYER04,1
4500149,00020,0000100016,Juniper Trading BV,MAT-100203,Compact seal ring type 30 (Office and facility supplies),MG35,4000,4000,P02,4010,343.0,PC,25.85,CHF,8866.55,2025-04-12,2025-05-09,2025-05-10,460016403,Z060,Approved,BUYER04,BUYER04,3
4500150,00010,0000100016,Juniper Trading BV,MAT-100399,Reinforced terminal block type 18 (Laboratory equipment),MG55,4000,4000,P01,4010,5.0,EA,2387.38,CHF,11936.9,2025-05-13,2025-06-18,2025-06-15,460016599,Z060,Approved,BUYER12,BUYER12,3
4500150,00020,0000100016,Juniper Trading BV,MAT-100203,Compact seal ring type 30 (Office and facility supplies),MG35,4000,4000,P01,4010,369.0,PC,27.07,CHF,9988.83,2025-05-13,2025-06-18,2025-06-15,460016403,Z060,Approved,BUYER12,BUYER12,3
4500151,00010,0000100016,Juniper Trading BV,MAT-100399,Reinforced terminal block type 18 (Laboratory equipment),MG55,4000,4000,P06,4010,11.0,EA,2252.19,CHF,24774.09,2025-06-16,2025-07-20,2025-07-19,460016599,Z060,Approved,BUYER10,BUYER10,2
4500151,00020,0000100016,Juniper Trading BV,MAT-100203,Compact seal ring type 30 (Office and facility supplies),MG35,4000,4000,P06,4010,85.0,PC,26.39,CHF,2243.15,2025-06-16,2025-07-20,2025-07-19,460016403,Z060,Approved,BUYER10,BUYER10,4
4500152,00010,0000100016,Juniper Trading BV,MAT-100203,Compact seal ring type 30 (Office and facility supplies),MG35,4000,4000,P04,4010,32.0,PC,25.89,CHF,828.48,2025-07-27,2025-08-09,2025-08-05,460016403,Z060,Open,BUYER03,BUYER03,3
4500153,00010,0000100016,Juniper Trading BV,MAT-100203,Compact seal ring type 30 (Office and facility supplies),MG35,4000,4000,P01,4010,96.0,PC,27.18,CHF,2609.28,2025-09-05,2025-09-29,2025-09-29,460016403,Z060,Approved,BUYER06,BUYER06,2
4500153,00020,0000100016,Juniper Trading BV,MAT-100399,Reinforced terminal block type 18 (Laboratory equipment),MG55,4000,4000,P01,4010,1.0,EA,2173.19,CHF,2173.19,2025-09-05,2025-09-29,2025-09-29,460016599,Z060,Approved,BUYER06,BUYER06,0
4500154,00010,0000100016,Juniper Trading BV,MAT-100399,Reinforced terminal block type 18 (Laboratory equipment),MG55,4000,4000,P03,4010,1.0,EA,2316.78,CHF,2316.78,2025-10-17,2025-10-28,2025-10-30,460016599,Z060,Approved,BUYER11,BUYER11,4
4500154,00020,0000100016,Juniper Trading BV,MAT-100203,Compact seal ring type 30 (Office and facility supplies),MG35,4000,4000,P03,4010,166.0,PC,26.1,CHF,4332.6,2025-10-17,2025-10-28,2025-10-30,460016403,Z060,Approved,BUYER11,BUYER11,0
4500155,00010,0000100017,Larkspur Components SA,MAT-100462,High-temperature filter type 27 (IT hardware),MG40,1000,1000,P06,1010,45.0,PC,251.22,EUR,11304.9,2025-01-12,2025-02-14,2025-02-14,,Z060,Approved,BUYER07,BUYER07,3
4500155,00020,0000100017,Larkspur Components SA,MAT-100133,Heavy-duty spindle type 20 (Maintenance services),MG45,1000,1000,P06,1010,26.0,EA,148.0,EUR,3848.0,2025-01-12,2025-02-14,2025-02-14,460017333,Z060,Approved,BUYER07,BUYER07,0
4500156,00010,0000100017,Larkspur Components SA,MAT-100462,High-temperature filter type 27 (IT hardware),MG40,1000,1000,P02,1020,36.0,PC,266.57,EUR,9596.52,2025-02-09,2025-03-26,2025-03-26,,Z060,Approved,BUYER07,BUYER07,4
4500156,00020,0000100017,Larkspur Components SA,MAT-100469,Insulated filter type 28 (Maintenance services),MG45,1000,1000,P02,1020,55.0,EA,177.36,EUR,9754.8,2025-02-09,2025-03-26,2025-03-26,460017669,Z060,Approved,BUYER07,BUYER07,4
4500156,00030,0000100017,Larkspur Components SA,MAT-100133,Heavy-duty spindle type 20 (Maintenance services),MG45,1000,1000,P02,1020,37.0,EA,147.83,EUR,5469.71,2025-02-09,2025-03-26,2025-03-26,460017333,Z060,Approved,BUYER07,BUYER07,0
4500157,00010,0000100017,Larkspur Components SA,MAT-100378,Precision pulley type 15 (IT hardware),MG40,1000,1000,P03,1010,8.0,EA,2088.83,EUR,16710.64,2025-03-05,2025-03-24,2025-03-27,,Z060,Approved,BUYER05,BUYER05,0
4500157,00020,0000100017,Larkspur Components SA,MAT-100133,Heavy-duty spindle type 20 (Maintenance services),MG45,1000,1000,P03,1010,6.0,EA,145.19,EUR,871.14,2025-03-05,2025-03-24,2025-03-27,460017333,Z060,Approved,BUYER05,BUYER05,2
4500157,00030,0000100017,Larkspur Components SA,MAT-100469,Insulated filter type 28 (Maintenance services),MG45,1000,1000,P03,1010,7.0,EA,191.77,EUR,1342.39,2025-03-05,2025-03-24,2025-03-27,460017669,Z060,Approved,BUYER05,BUYER05,3
4500158,00010,0000100017,Larkspur Components SA,MAT-100462,High-temperature filter type 27 (IT hardware),MG40,1000,1000,P03,1010,12.0,PC,254.16,EUR,3049.92,2025-03-31,2025-04-24,2025-04-24,,Z060,Approved,BUYER09,BUYER09,3
4500158,00020,0000100017,Larkspur Components SA,MAT-100469,Insulated filter type 28 (Maintenance services),MG45,1000,1000,P03,1010,47.0,EA,190.43,EUR,8950.21,2025-03-31,2025-04-24,2025-04-24,460017669,Z060,Approved,BUYER09,BUYER09,0
4500159,00010,0000100017,Larkspur Components SA,MAT-100462,High-temperature filter type 27 (IT hardware),MG40,1000,1000,P03,1020,52.0,PC,264.49,EUR,13753.48,2025-04-29,2025-06-11,2025-06-12,,Z060,Approved,BUYER06,BUYER06,4
4500159,00020,0000100017,Larkspur Components SA,MAT-100378,Precision pulley type 15 (IT hardware),MG40,1000,1000,P03,1020,1.0,EA,2009.82,EUR,2009.82,2025-04-29,2025-06-11,2025-06-12,,Z060,Approved,BUYER06,BUYER06,1
4500160,00010,0000100017,Larkspur Components SA,MAT-100378,Precision pulley type 15 (IT hardware),MG40,1000,1000,P01,1020,7.0,EA,2114.32,EUR,14800.24,2025-05-28,2025-07-03,2025-07-01,,Z060,Approved,BUYER03,BUYER03,2
4500160,00020,0000100017,Larkspur Components SA,MAT-100469,Insulated filter type 28 (Maintenance services),MG45,1000,1000,P01,1020,28.0,EA,182.64,EUR,5113.92,2025-05-28,2025-07-03,2025-07-01,460017669,Z060,Approved,BUYER03,BUYER03,0
4500160,00030,0000100017,Larkspur Components SA,MAT-100308,Industrial spindle type 5 (Logistics and freight),MG50,1000,1000,P01,1020,54.0,H,454.32,EUR,24533.28,2025-05-28,2025-07-03,2025-07-01,460017508,Z060,Approved,BUYER03,BUYER03,0
4500161,00010,0000100017,Larkspur Components SA,MAT-100308,Industrial spindle type 5 (Logistics and freight),MG50,1000,1000,P06,1010,40.0,H,433.37,EUR,17334.8,2025-06-26,2025-07-30,2025-07-25,460017508,Z060,Approved,BUYER07,BUYER07,1
4500162,00010,0000100017,Larkspur Components SA,MAT-100133,Heavy-duty spindle type 20 (Maintenance services),MG45,1000,1000,P05,1020,10.0,EA,143.58,EUR,1435.8,2025-07-26,2025-09-05,2025-09-01,460017333,Z060,Approved,BUYER09,BUYER09,0
4500162,00020,0000100017,Larkspur Components SA,MAT-100462,High-temperature filter type 27 (IT hardware),MG40,1000,1000,P05,1020,24.0,PC,255.74,EUR,6137.76,2025-07-26,2025-09-05,2025-09-01,,Z060,Approved,BUYER09,BUYER09,0
4500163,00010,0000100017,Larkspur Components SA,MAT-100469,Insulated filter type 28 (Maintenance services),MG45,1000,1000,P01,1020,8.0,EA,183.07,EUR,1464.56,2025-08-24,2025-09-06,2025-09-06,460017669,Z060,Approved,BUYER05,BUYER05,2
4500163,00020,0000100017,Larkspur Components SA,MAT-100308,Industrial spindle type 5 (Logistics and freight),MG50,1000,1000,P01,1020,11.0,H,414.84,EUR,4563.24,2025-08-24,2025-09-06,2025-09-06,460017508,Z060,Approved,BUYER05,BUYER05,3
4500164,00010,0000100017,Larkspur Components SA,MAT-100308,Industrial spindle type 5 (Logistics and freight),MG50,1000,1000,P02,1010,16.0,H,434.9,EUR,6958.4,2025-09-30,2025-10-12,2025-10-13,460017508,Z060,Approved,BUYER07,BUYER07,3
4500164,00020,0000100017,Larkspur Components SA,MAT-100462,High-temperature filter type 27 (IT hardware),MG40,1000,1000,P02,1010,8.0,PC,274.52,EUR,2196.16,2025-09-30,2025-10-12,2025-10-13,,Z060,Approved,BUYER07,BUYER07,0
4500165,00010,0000100017,Larkspur Components SA,MAT-100133,Heavy-duty spindle type 20 (Maintenance services),MG45,1000,1000,P05,1010,40.48,EA,147.97,EUR,5989.83,2025-10-31,2025-11-28,2025-12-01,460017333,Z060,Open,BUYER04,BUYER04,4
4500165,00020,0000100017,Larkspur Components SA,MAT-100462,High-temperature filter type 27 (IT hardware),MG40,1000,1000,P05,1010,10.56,PC,252.77,EUR,2669.25,2025-10-31,2025-11-28,2025-12-01,,Z060,Open,BUYER04,BUYER04,3
4500166,00010,0000100017,Larkspur Components SA,MAT-100462,High-temperature filter type 27 (IT hardware),MG40,1000,1000,P01,1020,36.0,PC,251.32,EUR,9047.52,2025-11-24,2025-12-12,2025-12-14,,Z060,Approved,BUYER07,BUYER07,4
4500166,00020,0000100017,Larkspur Components SA,MAT-100469,Insulated filter type 28 (Maintenance services),MG45,1000,1000,P01,1020,27.0,EA,185.78,EUR,5016.06,2025-11-24,2025-12-12,2025-12-14,460017669,Z060,Approved,BUYER07,BUYER07,3
4500166,00030,0000100017,Larkspur Components SA,MAT-100133,Heavy-duty spindle type 20 (Maintenance services),MG45,1000,1000,P01,1020,26.0,EA,199.84,EUR,5195.84,2025-11-24,2025-12-12,2025-12-14,460017333,Z060,Approved,BUYER07,BUYER07,4
4500167,00010,0000100018,Meridian Technologies Oy,MAT-100504,Industrial terminal block type 33 (Electrical components),MG10,2000,2000,P02,2020,32.0,EA,292.31,USD,9353.92,2025-01-06,2025-02-03,2025-02-03,,NT60,Approved,BUYER02,BUYER02,0
4500168,00010,0000100018,Meridian Technologies Oy,MAT-100504,Industrial terminal block type 33 (Electrical components),MG10,2000,2000,P04,2010,13.0,EA,296.78,USD,3858.14,2025-02-03,2025-03-12,2025-03-10,,NT60,Approved,BUYER02,BUYER02,3
4500169,00010,0000100018,Meridian Technologies Oy,MAT-100504,Industrial terminal block type 33 (Electrical components),MG10,2000,2000,P03,2010,47.0,EA,276.38,USD,12989.86,2025-03-03,2025-03-20,2025-03-22,,NT60,Approved,BUYER08,BUYER08,2
4500170,00010,0000100018,Meridian Technologies Oy,MAT-100504,Industrial terminal block type 33 (Electrical components),MG10,2000,2000,P04,2010,6.0,EA,288.59,USD,1731.54,2025-03-29,2025-04-11,2025-04-07,,NT60,Open,BUYER09,BUYER09,2
4500171,00010,0000100018,Meridian Technologies Oy,MAT-100504,Industrial terminal block type 33 (Electrical components),MG10,2000,2000,P01,2020,13.0,EA,278.24,USD,3617.12,2025-04-30,2025-06-09,2025-06-07,,NT60,Approved,BUYER04,BUYER04,2
4500172,00010,0000100018,Meridian Technologies Oy,MAT-100504,Industrial terminal block type 33 (Electrical components),MG10,2000,2000,P01,2020,29.0,EA,287.5,USD,8337.5,2025-06-01,2025-06-16,2025-06-18,,NT60,Approved,BUYER02,BUYER02,0
4500173,00010,0000100018,Meridian Technologies Oy,MAT-100504,Industrial terminal block type 33 (Electrical components),MG10,2000,2000,P03,2020,31.0,EA,282.15,USD,8746.65,2025-07-04,2025-08-10,2025-08-08,,NT60,Open,BUYER09,BUYER09,4
4500174,00010,0000100018,Meridian Technologies Oy,MAT-100504,Industrial terminal block type 33 (Electrical components),MG10,2000,2000,P01,2010,11.0,EA,273.77,USD,3011.47,2025-08-08,2025-08-23,2025-08-20,,NT60,Open,BUYER01,BUYER01,3
4500175,00010,0000100018,Meridian Technologies Oy,MAT-100504,Industrial terminal block type 33 (Electrical components),MG10,2000,2000,P04,2020,44.0,EA,285.47,USD,12560.68,2025-09-01,2025-09-23,2025-09-24,,NT60,Approved,BUYER11,BUYER11,13
4500176,00010,0000100018,Meridian Technologies Oy,MAT-100504,Industrial terminal block type 33 (Electrical components),MG10,2000,2000,P02,2010,5.0,EA,291.6,USD,1458.0,2025-09-29,2025-11-13,2025-11-10,,NT60,Approved,BUYER07,BUYER07,3
4500177,00010,0000100018,Meridian Technologies Oy,MAT-100504,Industrial terminal block type 33 (Electrical components),MG10,2000,2000,P02,2020,27.0,EA,274.41,USD,7409.07,2025-10-22,2025-11-30,2025-11-30,,NT60,Approved,BUYER03,BUYER03,0
4500178,00010,0000100018,Meridian Technologies Oy,MAT-100504,Industrial terminal block type 33 (Electrical components),MG10,2000,2000,P06,2010,12.0,EA,273.38,USD,3280.56,2025-11-24,2025-12-15,2025-12-10,,NT60,Approved,BUYER01,BUYER01,4
4500179,00010,0000100019,Northgate Logistics AS,MAT-100168,Reinforced cartridge type 25 (Electrical components),MG10,3000,3000,P01,3010,218.0,EA,27.23,GBP,5936.14,2025-01-19,2025-02-25,2025-02-28,,NT60,Open,BUYER03,BUYER03,4
4500180,00010,0000100019,Northgate Logistics AS,MAT-100168,Reinforced cartridge type 25 (Electrical components),MG10,3000,3000,P06,3010,64.0,EA,28.79,GBP,1842.56,2025-03-03,2025-03-20,2025-03-16,,NT60,Approved,BUYER10,BUYER10,0
4500181,00010,0000100019,Northgate Logistics AS,MAT-100168,Reinforced cartridge type 25 (Electrical components),MG10,3000,3000,P05,3010,254.0,EA,29.57,GBP,7510.78,2025-04-11,2025-03-29,2025-05-06,,NT60,Approved,BUYER12,BUYER12,1
4500182,00010,0000100019,Northgate Logistics AS,MAT-100168,Reinforced cartridge type 25 (Electrical components),MG10,3000,3000,P03,3010,317.0,EA,27.22,GBP,8628.74,2025-05-11,2025-05-27,2025-05-24,,NT60,Approved,BUYER02,BUYER02,1
4500183,00010,0000100019,Northgate Logistics AS,MAT-100168,Reinforced cartridge type 25 (Electrical components),MG10,3000,3000,P05,3010,60.0,EA,28.4,GBP,1704.0,2025-06-11,2025-07-09,2025-07-11,,NT60,Approved,BUYER01,BUYER01,3
4500184,00010,0000100019,Northgate Logistics AS,MAT-100168,Reinforced cartridge type 25 (Electrical components),MG10,3000,3000,P05,3010,197.0,EA,26.95,GBP,5309.15,2025-07-07,2025-08-01,2025-07-28,,NT60,Approved,BUYER04,BUYER04,2
4500185,00010,0000100019,Northgate Logistics AS,MAT-100168,Reinforced cartridge type 25 (Electrical components),MG10,3000,3000,P05,3010,259.6,EA,27.22,GBP,7066.31,2025-08-17,2025-10-01,2025-09-26,,NT60,Approved,BUYER08,BUYER08,3
4500186,00010,0000100019,Northgate Logistics AS,MAT-100168,Reinforced cartridge type 25 (Electrical components),MG10,3000,3000,P01,3010,206.0,EA,26.95,GBP,5551.7,2025-09-13,2025-10-17,2025-10-20,,NT60,Approved,BUYER06,BUYER06,4
4500187,00010,0000100019,Northgate Logistics AS,MAT-100168,Reinforced cartridge type 25 (Electrical components),MG10,3000,3000,P04,3010,205.0,EA,28.0,GBP,5740.0,2025-10-19,2025-11-30,2025-12-01,,NT60,Approved,BUYER08,BUYER08,2
4500188,00010,0000100019,Northgate Logistics AS,MAT-100168,Reinforced cartridge type 25 (Electrical components),MG10,3000,3000,P05,3010,310.0,EA,27.68,GBP,8580.8,2025-11-15,2025-12-15,2025-12-10,,NT60,Approved,BUYER04,BUYER04,2
4500189,00010,0000100020,Orchard Technologies Oy,MAT-100028,Heavy-duty gasket type 5 (Chemicals and lubricants),MG30,4000,4000,P03,4010,141.0,KG,13.2,CHF,1861.2,2025-01-24,2025-02-13,2025-02-08,460020228,Z030,Approved,BUYER07,BUYER07,3
4500189,00020,0000100020,Orchard Technologies Oy,MAT-100490,Industrial sensor type 31 (Safety equipment),MG60,4000,4000,P03,4010,20.0,BOX,193.99,CHF,3879.8,2025-01-24,2025-02-13,2025-02-08,460020690,Z030,Approved,BUYER07,BUYER07,2
4500189,00030,0000100020,Orchard Technologies Oy,MAT-100385,Compact gasket type 16 (Maintenance services),MG45,4000,4000,P03,4010,44.0,EA,139.33,CHF,6130.52,2025-01-24,2025-02-13,2025-02-08,460020585,Z030,Approved,BUYER07,BUYER07,4
4500190,00010,0000100020,Orchard Technologies Oy,MAT-100028,Heavy-duty gasket type 5 (Chemicals and lubricants),MG30,4000,4000,P04,4010,176.0,KG,13.56,CHF,2386.56,2025-02-25,2025-03-15,2025-03-11,460020228,Z030,Approved,BUYER10,BUYER10,3
4500190,00020,0000100020,Orchard Technologies Oy,MAT-100385,Compact gasket type 16 (Maintenance services),MG45,4000,4000,P04,4010,28.0,EA,135.39,CHF,3790.92,2025-02-25,2025-03-15,2025-03-11,460020585,Z030,Approved,BUYER10,BUYER10,4
4500190,00030,0000100020,Orchard Technologies Oy,MAT-100490,Industrial sensor type 31 (Safety equipment),MG60,4000,4000,P04,4010,41.0,BOX,203.6,CHF,8347.6,2025-02-25,2025-03-15,2025-03-11,460020690,Z030,Approved,BUYER10,BUYER10,2
4500191,00010,0000100020,Orchard Technologies Oy,MAT-100028,Heavy-duty gasket type 5 (Chemicals and lubricants),MG30,4000,4000,P03,4010,257.0,KG,13.23,CHF,3400.11,2025-04-10,2025-05-08,2025-05-06,460020228,Z030,Approved,BUYER02,BUYER02,3
4500192,00010,0000100020,Orchard Technologies Oy,MAT-100385,Compact gasket type 16 (Maintenance services),MG45,4000,4000,P06,4010,20.0,EA,131.43,CHF,2628.6,2025-05-15,2025-06-28,2025-06-26,460020585,Z030,Approved,BUYER10,BUYER10,4
4500192,00020,0000100020,Orchard Technologies Oy,MAT-100028,Heavy-duty gasket type 5 (Chemicals and lubricants),MG30,4000,4000,P06,4010,242.0,KG,12.99,CHF,3143.58,2025-05-15,2025-06-28,2025-06-26,460020228,Z030,Approved,BUYER10,BUYER10,1
4500192,00030,0000100020,Orchard Technologies Oy,MAT-100490,Industrial sensor type 31 (Safety equipment),MG60,4000,4000,P06,4010,20.0,BOX,200.41,CHF,4008.2,2025-05-15,2025-06-28,2025-06-26,460020690,Z030,Approved,BUYER10,BUYER10,1
4500193,00010,0000100020,Orchard Technologies Oy,MAT-100490,Industrial sensor type 31 (Safety equipment),MG60,4000,4000,P03,4010,19.0,BOX,191.7,CHF,3642.3,2025-06-11,2025-07-26,2025-07-21,460020690,Z030,Open,BUYER09,BUYER09,1
4500193,00020,0000100020,Orchard Technologies Oy,MAT-100385,Compact gasket type 16 (Maintenance services),MG45,4000,4000,P03,4010,12.0,EA,139.01,CHF,1668.12,2025-06-11,2025-07-26,2025-07-21,460020585,Z030,Open,BUYER09,BUYER09,4
4500193,00030,0000100020,Orchard Technologies Oy,MAT-100028,Heavy-duty gasket type 5 (Chemicals and lubricants),MG30,4000,4000,P03,4010,98.0,KG,12.53,CHF,1227.94,2025-06-11,2025-07-26,2025-07-21,460020228,Z030,Open,BUYER09,BUYER09,0
4500194,00010,0000100020,Orchard Technologies Oy,MAT-100385,Compact gasket type 16 (Maintenance services),MG45,4000,4000,P02,4010,7.0,EA,140.5,CHF,983.5,2025-07-12,2025-08-15,2025-08-11,460020585,Z030,Approved,BUYER06,BUYER06,0
4500194,00020,0000100020,Orchard Technologies Oy,MAT-100490,Industrial sensor type 31 (Safety equipment),MG60,4000,4000,P02,4010,57.0,BOX,206.15,CHF,11750.55,2025-07-12,2025-08-15,2025-08-11,460020690,Z030,Approved,BUYER06,BUYER06,4
4500195,00010,0000100020,Orchard Technologies Oy,MAT-100028,Heavy-duty gasket type 5 (Chemicals and lubricants),MG30,4000,4000,P03,4010,151.0,KG,12.66,CHF,1911.66,2025-08-19,2025-08-29,2025-08-30,460020228,Z030,Approved,BUYER12,BUYER12,1
4500196,00010,0000100020,Orchard Technologies Oy,MAT-100490,Industrial sensor type 31 (Safety equipment),MG60,4000,4000,P01,4010,50.0,BOX,194.54,CHF,9727.0,2025-09-27,2025-10-28,2025-10-28,460020690,Z030,Approved,BUYER11,BUYER11,2
4500197,00010,0000100020,Orchard Technologies Oy,MAT-100385,Compact gasket type 16 (Maintenance services),MG45,4000,4000,P06,4010,23.0,EA,133.88,CHF,3079.24,2025-11-01,2025-11-12,2025-11-12,460020585,Z030,Approved,BUYER02,BUYER02,0
4500197,00020,0000100020,Orchard Technologies Oy,MAT-100490,Industrial sensor type 31 (Safety equipment),MG60,4000,4000,P06,4010,13.0,BOX,187.97,CHF,2443.61,2025-11-01,2025-11-12,2025-11-12,460020690,Z030,Approved,BUYER02,BUYER02,2
4500197,00030,0000100020,Orchard Technologies Oy,MAT-100028,Heavy-duty gasket type 5 (Chemicals and lubricants),MG30,4000,4000,P06,4010,204.0,KG,12.6,CHF,2570.4,2025-11-01,2025-11-12,2025-11-12,460020228,Z030,Approved,BUYER02,BUYER02,1
4500198,00010,0000100020,Orchard Technologies Oy,MAT-100028,Heavy-duty gasket type 5 (Chemicals and lubricants),MG30,4000,4000,P04,4010,118.0,KG,12.55,CHF,1480.9,2025-12-04,2025-12-17,2025-12-14,460020228,Z030,Open,BUYER02,BUYER02,2
4500199,00010,0000100021,Pinnacle Systems Inc,MAT-100182,Compact bracket type 27 (Raw steel and metals),MG20,1000,1000,P03,1020,293.0,TO,2.73,EUR,799.89,2025-01-23,2025-02-28,2025-02-23,460021382,Z060,Approved,BUYER01,BUYER01,4
4500199,00020,0000100021,Pinnacle Systems Inc,MAT-100420,Industrial pulley type 21 (Electrical components),MG10,1000,1000,P03,1020,21.0,PC,448.03,EUR,9408.63,2025-01-23,2025-02-28,2025-02-23,,Z060,Approved,BUYER01,BUYER01,2
4500199,00030,0000100021,Pinnacle Systems Inc,MAT-100196,Low-friction bracket type 29 (Chemicals and lubricants),MG30,1000,1000,P03,1020,261.0,KG,13.99,EUR,3651.39,2025-01-23,2025-02-28,2025-02-23,460021396,Z060,Approved,BUYER01,BUYER01,2
4500199,00040,0000100021,Pinnacle Systems Inc,MAT-100490,Industrial sensor type 31 (Safety equipment),MG60,1000,1000,P03,1020,20.0,BOX,198.93,EUR,3978.6,2025-01-23,2025-02-28,2025-02-23,460021690,Z060,Approved,BUYER01,BUYER01,2
4500200,00010,0000100021,Pinnacle Systems Inc,MAT-100490,Industrial sensor type 31 (Safety equipment),MG60,1000,1000,P05,,60.0,BOX,203.05,EUR,12183.0,2025-02-17,2025-03-17,2025-03-13,460021690,Z060,Approved,BUYER08,BUYER08,3
4500200,00020,0000100021,Pinnacle Systems Inc,MAT-100252,Insulated connector type 37 (Electrical components),MG10,1000,1000,P05,1020,33.0,PC,341.54,EUR,11270.82,2025-02-17,2025-03-17,2025-03-13,,Z060,Approved,BUYER08,BUYER08,1
4500200,00030,0000100021,Pinnacle Systems Inc,MAT-100420,Industrial pulley type 21 (Electrical components),MG10,1000,1000,P05,1020,33.44,PC,448.6,EUR,15001.18,2025-02-17,2025-03-17,2025-03-13,,Z060,Approved,BUYER08,BUYER08,0
4500201,00010,0000100021,Pinnacle Systems Inc,MAT-100252,Insulated connector type 37 (Electrical components),MG10,1000,1000,P04,1010,32.0,PC,327.79,EUR,10489.28,2025-03-18,2025-04-11,2025-04-06,,Z060,Approved,BUYER03,BUYER03,3
4500202,00010,0000100021,Pinnacle Systems Inc,MAT-100420,Industrial pulley type 21 (Electrical components),MG10,1000,1000,P06,1020,39.0,PC,459.38,EUR,17915.82,2025-04-30,2025-05-19,2025-05-14,,Z060,Approved,BUYER12,BUYER12,2
4500202,00020,0000100021,Pinnacle Systems Inc,MAT-100490,Industrial sensor type 31 (Safety equipment),MG60,1000,1000,P06,1020,45.0,BOX,199.69,EUR,8986.05,2025-04-30,2025-05-19,2025-05-14,460021690,Z060,Approved,BUYER12,BUYER12,4
4500202,00030,0000100021,Pinnacle Systems Inc,MAT-100182,Compact bracket type 27 (Raw steel and metals),MG20,1000,1000,P06,1020,151.0,TO,2.78,EUR,419.78,2025-04-30,2025-05-19,2025-05-14,460021382,Z060,Approved,BUYER12,BUYER12,4
4500202,00040,0000100021,Pinnacle Systems Inc,MAT-100252,Insulated connector type 37 (Electrical components),MG10,1000,1000,P06,1020,49.0,PC,352.82,EUR,17288.18,2025-04-30,2025-05-19,2025-05-14,,Z060,Approved,BUYER12,BUYER12,2
4500203,00010,0000100021,Pinnacle Systems Inc,MAT-100196,Low-friction bracket type 29 (Chemicals and lubricants),MG30,1000,1000,P02,1020,189.0,KG,13.8,EUR,2608.2,2025-05-28,2025-06-13,2025-06-08,460021396,Z060,Approved,BUYER07,BUYER07,2
4500203,00020,0000100021,Pinnacle Systems Inc,MAT-100420,Industrial pulley type 21 (Electrical components),MG10,1000,1000,P02,1020,35.55,PC,421.98,EUR,15001.39,2025-05-28,2025-06-13,2025-09-16,,Z060,Approved,BUYER07,BUYER07,3
4500203,00030,0000100021,Pinnacle Systems Inc,MAT-100252,Insulated connector type 37 (Electrical components),MG10,1000,1000,P02,1020,11.0,PC,328.91,EUR,3618.01,2025-05-28,2025-06-13,2025-06-08,,Z060,Approved,BUYER07,BUYER07,2
4500204,00010,0000100021,Pinnacle Systems Inc,MAT-100420,Industrial pulley type 21 (Electrical components),MG10,1000,1000,P02,1020,33.57,PC,446.85,EUR,15000.75,2025-06-25,2025-07-22,2025-07-20,,Z060,Approved,BUYER01,BUYER01,3
4500204,00020,0000100021,Pinnacle Systems Inc,MAT-100182,Compact bracket type 27 (Raw steel and metals),MG20,1000,1000,P02,1020,293.0,TO,2.95,EUR,864.35,2025-06-25,2025-07-22,2025-07-20,460021382,Z060,Approved,BUYER01,BUYER01,0
4500205,00010,0000100021,Pinnacle Systems Inc,MAT-100196,Low-friction bracket type 29 (Chemicals and lubricants),MG30,1000,1000,P06,1020,170.0,KG,12.95,EUR,2201.5,2025-07-23,2025-08-29,2025-08-24,460021396,Z060,Approved,BUYER02,BUYER02,3
4500205,00020,0000100021,Pinnacle Systems Inc,MAT-100490,Industrial sensor type 31 (Safety equipment),MG60,1000,1000,P06,1020,47.0,BOX,196.58,EUR,9239.26,2025-07-23,2025-08-29,2025-08-24,460021690,Z060,Approved,BUYER02,BUYER02,0
4500205,00030,0000100021,Pinnacle Systems Inc,MAT-100252,Insulated connector type 37 (Electrical components),MG10,1000,1000,P06,1020,58.0,PC,339.41,EUR,19685.78,2025-07-23,2025-08-29,2025-08-24,,Z060,Approved,BUYER02,BUYER02,4
4500205,00040,0000100021,Pinnacle Systems Inc,MAT-100182,Compact bracket type 27 (Raw steel and metals),MG20,1000,1000,P06,1020,54.0,TO,2.74,EUR,147.96,2025-07-23,2025-08-29,2025-08-24,460021382,Z060,Approved,BUYER02,BUYER02,1
4500206,00010,0000100021,Pinnacle Systems Inc,MAT-100252,Insulated connector type 37 (Electrical components),MG10,1000,1000,P02,1010,20.0,PC,331.52,EUR,6630.4,2025-08-21,2025-09-11,2025-09-13,,Z060,Approved,BUYER11,BUYER11,1
4500206,00020,0000100021,Pinnacle Systems Inc,MAT-100420,Industrial pulley type 21 (Electrical components),MG10,1000,1000,P02,1010,34.0,PC,438.94,EUR,14923.96,2025-08-21,2025-09-11,2025-09-13,,Z060,Approved,BUYER11,BUYER11,1
4500207,00010,0000100021,Pinnacle Systems Inc,MAT-100252,Insulated connector type 37 (Electrical components),MG10,1000,1000,P03,1010,7.0,PC,345.91,EUR,2421.37,2025-09-25,2025-10-29,2025-10-29,,Z060,Approved,BUYER07,BUYER07,4
4500207,00020,0000100021,Pinnacle Systems Inc,MAT-100490,Industrial sensor type 31 (Safety equipment),MG60,1000,1000,P03,1010,25.0,BOX,216.13,EUR,5403.25,2025-09-25,2025-10-29,2025-10-29,460021690,Z060,Approved,BUYER07,BUYER07,2
4500207,00030,0000100021,Pinnacle Systems Inc,MAT-100196,Low-friction bracket type 29 (Chemicals and lubricants),MG30,1000,1000,P03,1010,277.0,KG,13.94,EUR,3861.38,2025-09-25,2025-10-29,2025-10-29,460021396,Z060,Approved,BUYER07,BUYER07,1
4500207,00040,0000100021,Pinnacle Systems Inc,MAT-100182,Compact bracket type 27 (Raw steel and metals),MG20,1000,1000,P03,1010,100.0,TO,2.73,EUR,273.0,2025-09-25,2025-10-29,2025-10-29,460021382,Z060,Approved,BUYER07,BUYER07,3
4500208,00010,0000100021,Pinnacle Systems Inc,MAT-100252,Insulated connector type 37 (Electrical components),MG10,1000,1000,P05,1010,52.0,PC,324.41,EUR,16869.32,2025-10-28,2025-12-09,2025-12-06,,Z060,Approved,BUYER05,BUYER05,0
4500208,00020,0000100021,Pinnacle Systems Inc,MAT-100490,Industrial sensor type 31 (Safety equipment),MG60,1000,1000,P05,1010,41.0,BOX,200.77,EUR,8231.57,2025-10-28,2025-12-09,2025-12-06,460021690,Z060,Approved,BUYER05,BUYER05,2
4500208,00030,0000100021,Pinnacle Systems Inc,MAT-100420,Industrial pulley type 21 (Electrical components),MG10,1000,1000,P05,1010,9.0,PC,422.23,EUR,3800.07,2025-10-28,2025-12-09,2025-12-06,,Z060,Approved,BUYER05,BUYER05,0
4500208,00040,0000100021,Pinnacle Systems Inc,MAT-100182,Compact bracket type 27 (Raw steel and metals),MG20,1000,1000,P05,1010,29.0,TO,2.86,EUR,82.94,2025-10-28,2025-12-09,2025-12-06,460021382,Z060,Approved,BUYER05,BUYER05,3
4500209,00010,0000100022,Quarry Industrie GmbH,MAT-100525,Compact clamp type 36 (Packaging materials),MG25,2000,2000,P03,2010,365.0,CAR,12.4,USD,4526.0,2025-01-08,2025-02-12,2025-02-12,460022725,Z030,Approved,BUYER08,BUYER08,1
4500209,00020,0000100022,Quarry Industrie GmbH,MAT-100455,Stainless connector type 26 (Office and facility supplies),MG35,2000,2000,P03,2010,241.0,BOX,54.04,USD,13023.64,2025-01-08,2025-02-12,2025-02-12,460022655,Z030,Approved,BUYER08,BUYER08,3
4500210,00010,0000100022,Quarry Industrie GmbH,MAT-100455,Stainless connector type 26 (Office and facility supplies),MG35,2000,2000,P05,2020,356.0,BOX,54.9,USD,19544.4,2025-02-07,2025-03-05,2025-03-05,460022655,Z030,Approved,BUYER12,BUYER12,2
4500210,00020,0000100022,Quarry Industrie GmbH,MAT-100525,Compact clamp type 36 (Packaging materials),MG25,2000,2000,P05,2020,298.0,CAR,13.14,USD,3915.72,2025-02-07,2025-03-05,2025-03-05,460022725,Z030,Approved,BUYER12,BUYER12,2
4500211,00010,0000100022,Quarry Industrie GmbH,MAT-100455,Stainless connector type 26 (Office and facility supplies),MG35,2000,2000,P06,2020,148.72,BOX,55.48,USD,8250.99,2025-03-21,2025-04-17,2025-04-17,460022655,Z030,Open,BUYER05,BUYER05,2
4500211,00020,0000100022,Quarry Industrie GmbH,MAT-100525,Compact clamp type 36 (Packaging materials),MG25,2000,2000,P06,2020,67.76,CAR,13.64,USD,924.25,2025-03-21,2025-04-17,2025-04-17,460022725,Z030,Open,BUYER05,BUYER05,3
4500212,00010,0000100022,Quarry Industrie GmbH,MAT-100525,Compact clamp type 36 (Packaging materials),MG25,2000,2000,P02,2010,341.0,CAR,13.03,USD,4443.23,2025-04-18,2025-05-08,2025-05-03,460022725,Z030,Open,BUYER06,BUYER06,2
4500213,00010,0000100022,Quarry Industrie GmbH,MAT-100455,Stainless connector type 26 (Office and facility supplies),MG35,2000,2000,P05,2020,202.0,BOX,52.26,USD,10556.52,2025-05-30,2025-06-25,2025-06-22,460022655,Z030,Approved,BUYER01,BUYER01,4
4500213,00020,0000100022,Quarry Industrie GmbH,MAT-100525,Compact clamp type 36 (Packaging materials),MG25,2000,2000,P05,2020,301.0,CAR,13.63,USD,4102.63,2025-05-30,2025-06-25,2025-06-22,460022725,Z030,Approved,BUYER01,BUYER01,4
4500214,00010,0000100022,Quarry Industrie GmbH,MAT-100525,Compact clamp type 36 (Packaging materials),MG25,2000,2000,P04,2020,285.0,CAR,13.42,USD,3824.7,2025-07-17,2025-08-01,2025-07-28,460022725,Z030,Approved,BUYER05,BUYER05,3
4500215,00010,0000100022,Quarry Industrie GmbH,MAT-100455,Stainless connector type 26 (Office and facility supplies),MG35,2000,2000,P04,2010,116.0,BOX,53.81,USD,6241.96,2025-08-14,2025-09-03,2025-09-04,460022655,Z030,Approved,BUYER03,BUYER03,4
4500215,00020,0000100022,Quarry Industrie GmbH,MAT-100525,Compact clamp type 36 (Packaging materials),MG25,2000,2000,P04,2010,160.0,CAR,12.73,USD,2036.8,2025-08-14,2025-09-03,2025-09-04,460022725,Z030,Approved,BUYER03,BUYER03,0
4500216,00010,0000100022,Quarry Industrie GmbH,MAT-100525,Compact clamp type 36 (Packaging materials),MG25,2000,2000,P03,2010,374.0,CAR,13.1,USD,4899.4,2025-09-24,2025-10-31,2025-11-01,460022725,Z030,Approved,BUYER03,BUYER03,4
4500217,00010,0000100022,Quarry Industrie GmbH,MAT-100525,Compact clamp type 36 (Packaging materials),MG25,2000,2000,P06,2020,363.0,CAR,13.51,USD,4904.13,2025-11-08,2025-11-26,2025-11-21,460022725,Z030,Approved,BUYER11,BUYER11,0
4500217,00020,0000100022,Quarry Industrie GmbH,MAT-100455,Stainless connector type 26 (Office and facility supplies),MG35,2000,2000,P06,2020,231.0,BOX,56.41,USD,13030.71,2025-11-08,2025-11-26,2025-11-21,460022655,Z030,Approved,BUYER11,BUYER11,3
4500218,00010,0000100023,Redstone Industrie GmbH,MAT-100105,Precision relay type 16 (Packaging materials),MG25,3000,3000,P06,3010,225.0,CAR,8.89,GBP,2000.25,2025-01-15,2025-02-10,2025-02-09,460023305,Z045,Approved,BUYER03,BUYER03,0
4500218,00020,0000100023,Redstone Industrie GmbH,MAT-100322,Precision bracket type 7 (Safety equipment),MG60,3000,3000,P06,3010,51.0,PC,169.98,GBP,8668.98,2025-01-15,2025-02-10,2025-02-09,460023522,Z045,Approved,BUYER03,BUYER03,0
4500219,00010,0000100023,Redstone Industrie GmbH,MAT-100322,Precision bracket type 7 (Safety equipment),MG60,3000,3000,P02,3010,16.0,PC,174.47,GBP,2791.52,2025-02-24,2025-03-14,2025-03-17,460023522,Z045,Approved,BUYER12,BUYER12,2
4500219,00020,0000100023,Redstone Industrie GmbH,MAT-100105,Precision relay type 16 (Packaging materials),MG25,3000,3000,P02,3010,202.0,CAR,9.13,GBP,1844.26,2025-02-24,2025-03-14,2025-03-17,460023305,Z045,Approved,BUYER12,BUYER12,2
4500220,00010,0000100023,Redstone Industrie GmbH,MAT-100322,Precision bracket type 7 (Safety equipment),MG60,3000,3000,P03,3010,60.0,PC,173.77,GBP,10426.2,2025-04-12,2025-05-24,2025-05-20,460023522,Z045,Approved,BUYER03,BUYER03,2
4500220,00020,0000100023,Redstone Industrie GmbH,MAT-100105,Precision relay type 16 (Packaging materials),MG25,3000,3000,P03,3010,344.0,CAR,8.39,GBP,2886.16,2025-04-12,2025-05-24,2025-05-20,460023305,Z045,Approved,BUYER03,BUYER03,2
4500221,00010,0000100023,Redstone Industrie GmbH,MAT-100322,Precision bracket type 7 (Safety equipment),MG60,3000,3000,P05,3010,33.0,PC,174.49,GBP,5758.17,2025-05-17,2025-06-18,2025-06-15,460023522,Z045,Open,BUYER03,BUYER03,0
4500222,00010,0000100023,Redstone Industrie GmbH,MAT-100322,Precision bracket type 7 (Safety equipment),MG60,3000,3000,P02,3010,48.0,PC,169.15,GBP,8119.2,2025-06-22,2025-07-07,2025-07-06,460023522,Z045,Approved,BUYER06,BUYER06,2
4500222,00020,0000100023,Redstone Industrie GmbH,MAT-100105,Precision relay type 16 (Packaging materials),MG25,3000,3000,P02,3010,128.0,CAR,8.79,GBP,1125.12,2025-06-22,2025-07-07,2025-07-06,460023305,Z045,Approved,BUYER06,BUYER06,3
4500223,00010,0000100023,Redstone Industrie GmbH,MAT-100105,Precision relay type 16 (Packaging materials),MG25,3000,3000,P05,3010,294.0,CAR,8.41,GBP,2472.54,2025-08-10,2025-08-23,2025-08-23,460023305,Z045,Approved,BUYER05,BUYER05,1
4500223,00020,0000100023,Redstone Industrie GmbH,MAT-100322,Precision bracket type 7 (Safety equipment),MG60,3000,3000,P05,3010,15.0,PC,170.7,GBP,2560.5,2025-08-10,2025-08-23,2025-08-23,460023522,Z045,Approved,BUYER05,BUYER05,1
4500224,00010,0000100023,Redstone Industrie GmbH,MAT-100322,Precision bracket type 7 (Safety equipment),MG60,3000,3000,P05,3010,59.0,PC,164.49,GBP,9704.91,2025-09-17,2025-10-09,2025-10-09,460023522,Z045,Approved,BUYER04,BUYER04,4
4500225,00010,0000100023,Redstone Industrie GmbH,MAT-100322,Precision bracket type 7 (Safety equipment),MG60,3000,3000,P01,3010,17.0,PC,165.89,GBP,2820.13,2025-11-06,2025-12-10,2025-12-07,460023522,Z045,Approved,BUYER10,BUYER10,1
4500225,00020,0000100023,Redstone Industrie GmbH,MAT-100105,Precision relay type 16 (Packaging materials),MG25,3000,3000,P01,3010,137.0,CAR,8.8,GBP,1205.6,2025-11-06,2025-12-10,2025-12-07,460023305,Z045,Approved,BUYER10,BUYER10,1
4500226,00010,0000100024,Summit Materials SpA,MAT-100126,Compact adapter type 19 (IT hardware),MG40,4000,4000,P06,4010,11.0,PC,1275.01,CHF,14025.11,2025-01-10,2025-01-31,2025-02-01,,Z060,Approved,BUYER08,BUYER08,2
4500226,00020,0000100024,Summit Materials SpA,MAT-100574,Compact filter type 3 (Safety equipment),MG60,4000,4000,P06,4010,26.0,BOX,145.81,CHF,3791.06,2025-01-10,2025-01-31,2025-02-01,460024774,Z060,Approved,BUYER08,BUYER08,2
4500227,00010,0000100024,Summit Materials SpA,MAT-100126,Compact adapter type 19 (IT hardware),MG40,4000,4000,P06,4010,4.0,PC,1269.19,CHF,5076.76,2025-02-16,2025-03-18,2025-03-15,,Z060,Approved,BUYER03,BUYER03,0
4500227,00020,0000100024,Summit Materials SpA,MAT-100574,Compact filter type 3 (Safety equipment),MG60,4000,4000,P06,4010,32.0,BOX,150.32,CHF,4810.24,2025-02-16,2025-03-18,2025-03-15,460024774,Z060,Approved,BUYER03,BUYER03,0
4500228,00010,0000100024,Summit Materials SpA,MAT-100574,Compact filter type 3 (Safety equipment),MG60,4000,4000,P04,4010,44.0,BOX,152.99,CHF,6731.56,2025-03-14,2025-04-05,2025-04-07,460024774,Z060,Approved,BUYER08,BUYER08,4
4500228,00020,0000100024,Summit Materials SpA,MAT-100126,Compact adapter type 19 (IT hardware),MG40,4000,4000,P04,4010,1.0,PC,1234.45,CHF,1234.45,2025-03-14,2025-04-05,2025-04-07,,Z060,Approved,BUYER08,BUYER08,3
4500229,00010,0000100024,Summit Materials SpA,MAT-100126,Compact adapter type 19 (IT hardware),MG40,4000,4000,P06,4010,4.4,PC,1255.26,CHF,5523.14,2025-04-19,2025-05-19,2025-05-16,,Z060,Approved,BUYER05,BUYER05,4
4500229,00020,0000100024,Summit Materials SpA,MAT-100574,Compact filter type 3 (Safety equipment),MG60,4000,4000,P06,4010,18.48,BOX,148.09,CHF,2736.7,2025-04-19,2025-05-19,2025-05-16,460024774,Z060,Approved,BUYER05,BUYER05,0
4500230,00010,0000100024,Summit Materials SpA,MAT-100574,Compact filter type 3 (Safety equipment),MG60,4000,4000,P03,4010,40.0,BOX,146.98,CHF,5879.2,2025-05-21,2025-06-27,2025-06-24,460024774,Z060,Approved,BUYER09,BUYER09,1
4500231,00010,0000100024,Summit Materials SpA,MAT-100574,Compact filter type 3 (Safety equipment),MG60,4000,4000,P01,4010,24.0,BOX,146.62,CHF,3518.88,2025-07-03,2025-08-07,2025-08-02,460024774,Z060,Approved,BUYER10,BUYER10,2
4500231,00020,0000100024,Summit Materials SpA,MAT-100126,Compact adapter type 19 (IT hardware),MG40,4000,4000,P01,4010,11.0,PC,1311.97,CHF,14431.67,2025-07-03,2025-08-07,2025-08-02,,Z060,Approved,BUYER10,BUYER10,2
4500232,00010,0000100024,Summit Materials SpA,MAT-100126,Compact adapter type 19 (IT hardware),MG40,4000,4000,P06,4010,1.0,PC,1246.53,CHF,1246.53,2025-08-06,2025-08-26,2025-08-22,,Z060,Open,BUYER09,BUYER09,1
4500232,00020,0000100024,Summit Materials SpA,MAT-100574,Compact filter type 3 (Safety equipment),MG60,4000,4000,P06,4010,10.0,BOX,157.25,CHF,1572.5,2025-08-06,2025-08-26,2025-08-22,460024774,Z060,Open,BUYER09,BUYER09,4
4500233,00010,0000100024,Summit Materials SpA,MAT-100126,Compact adapter type 19 (IT hardware),MG40,4000,4000,P04,4010,8.0,PC,1279.64,CHF,10237.12,2025-09-14,2025-10-02,2025-09-30,,Z060,Approved,BUYER09,BUYER09,1
4500233,00020,0000100024,Summit Materials SpA,MAT-100574,Compact filter type 3 (Safety equipment),MG60,4000,4000,P04,4010,51.0,BOX,145.27,CHF,7408.77,2025-09-14,2025-10-02,2025-09-30,460024774,Z060,Approved,BUYER09,BUYER09,2
4500234,00010,0000100024,Summit Materials SpA,MAT-100126,Compact adapter type 19 (IT hardware),MG40,4000,4000,P05,4010,12.0,PC,1212.62,CHF,14551.44,2025-10-25,2025-11-13,2025-11-16,,Z060,Approved,BUYER09,BUYER09,1
4500234,00020,0000100024,Summit Materials SpA,MAT-100574,Compact filter type 3 (Safety equipment),MG60,4000,4000,P05,4010,36.0,BOX,157.45,CHF,5668.2,2025-10-25,2025-11-13,2025-11-16,460024774,Z060,Approved,BUYER09,BUYER09,4
4500235,00010,0000100024,Summit Materials SpA,MAT-100126,Compact adapter type 19 (IT hardware),MG40,4000,4000,P02,4010,4.0,PC,1308.93,CHF,5235.72,2025-11-22,2025-12-28,2025-12-26,,Z060,Approved,BUYER10,BUYER10,4
4500236,00010,0000100025,Thornbury Materials SpA,MAT-100147,Stainless clamp type 22 (Laboratory equipment),MG55,1000,1000,P05,1010,12.0,EA,2090.83,EUR,25089.96,2025-01-18,2025-02-07,2025-02-06,460025347,NT30,Approved,BUYER05,BUYER05,1
4500236,00020,0000100025,Thornbury Materials SpA,MAT-100021,Heavy-duty membrane type 4 (Packaging materials),MG25,1000,1000,P05,1010,216.0,PC,1.52,EUR,328.32,2025-01-18,2025-02-07,2025-02-06,460025221,NT30,Approved,BUYER05,BUYER05,2
4500236,00030,0000100025,Thornbury Materials SpA,MAT-100539,Insulated cartridge type 38 (Office and facility supplies),MG35,1000,1000,P05,1010,163.0,PC,73.18,EUR,11928.34,2025-01-18,2025-02-07,2025-02-06,460025739,NT30,Approved,BUYER05,BUYER05,0
4500236,00040,0000100025,Thornbury Materials SpA,MAT-100091,Low-friction sensor type 14 (Mechanical parts),MG15,1000,1000,P05,1010,8.0,EA,772.14,EUR,6177.12,2025-01-18,2025-02-07,2025-02-06,460025291,NT30,Approved,BUYER05,BUYER05,1
4500237,00010,0000100025,Thornbury Materials SpA,MAT-100091,Low-friction sensor type 14 (Mechanical parts),MG15,1000,1000,P01,1020,4.0,EA,813.81,EUR,3255.24,2025-03-04,2025-03-26,2025-03-25,460025291,NT30,Approved,BUYER03,BUYER03,2
4500237,00020,0000100025,Thornbury Materials SpA,MAT-100021,Heavy-duty membrane type 4 (Packaging materials),MG25,1000,1000,P01,1020,47.0,PC,0.82,EUR,38.54,2025-03-04,2025-03-26,2025-03-25,460025221,NT30,Approved,BUYER03,BUYER03,1
4500237,00030,0000100025,Thornbury Materials SpA,MAT-100147,Stainless clamp type 22 (Laboratory equipment),MG55,1000,1000,P01,1020,4.0,EA,2016.02,EUR,8064.08,2025-03-04,2025-03-26,2025-03-25,460025347,NT30,Approved,BUYER03,BUYER03,2
4500238,00010,0000100025,Thornbury Materials SpA,MAT-100147,Stainless clamp type 22 (Laboratory equipment),MG55,1000,1000,P06,1020,7.0,EA,1963.81,EUR,13746.67,2025-04-15,2025-05-17,2025-05-15,460025347,NT30,Approved,BUYER02,BUYER02,2
4500238,00020,0000100025,Thornbury Materials SpA,MAT-100021,Heavy-duty membrane type 4 (Packaging materials),MG25,1000,1000,P06,1020,399.0,PC,0.79,EUR,315.21,2025-04-15,2025-05-17,2025-05-15,460025221,NT30,Approved,BUYER02,BUYER02,4
4500239,00010,0000100025,Thornbury Materials SpA,MAT-100147,Stainless clamp type 22 (Laboratory equipment),MG55,1000,1000,P02,1010,5.0,EA,2061.63,EUR,10308.15,2025-05-25,2025-06-18,2025-06-17,460025347,NT30,Approved,BUYER08,BUYER08,1
4500239,00020,0000100025,Thornbury Materials SpA,MAT-100539,Insulated cartridge type 38 (Office and facility supplies),MG35,1000,1000,P02,1010,219.0,PC,75.7,EUR,16578.3,2025-05-25,2025-06-18,2025-06-17,460025739,NT30,Approved,BUYER08,BUYER08,2
4500239,00030,0000100025,Thornbury Materials SpA,MAT-100021,Heavy-duty membrane type 4 (Packaging materials),MG25,1000,1000,P02,1010,189.0,PC,0.76,EUR,143.64,2025-05-25,2025-06-18,2025-06-17,460025221,NT30,Approved,BUYER08,BUYER08,4
4500239,00040,0000100025,Thornbury Materials SpA,MAT-100091,Low-friction sensor type 14 (Mechanical parts),MG15,1000,1000,P02,1010,3.0,EA,785.12,EUR,2355.36,2025-05-25,2025-06-18,2025-06-17,460025291,NT30,Approved,BUYER08,BUYER08,1
4500240,00010,0000100025,Thornbury Materials SpA,MAT-100091,Low-friction sensor type 14 (Mechanical parts),MG15,1000,1000,P05,1020,6.0,EA,785.4,EUR,4712.4,2025-06-25,2025-07-16,2025-07-16,460025291,NT30,Approved,BUYER03,BUYER03,3
4500240,00020,0000100025,Thornbury Materials SpA,MAT-100539,Insulated cartridge type 38 (Office and facility supplies),MG35,1000,1000,P05,1020,177.0,PC,72.45,EUR,12823.65,2025-06-25,2025-07-16,2025-07-16,460025739,NT30,Approved,BUYER03,BUYER03,0
4500240,00030,0000100025,Thornbury Materials SpA,MAT-100021,Heavy-duty membrane type 4 (Packaging materials),MG25,1000,1000,P05,1020,180.0,PC,0.79,EUR,142.2,2025-06-25,2025-07-16,2025-07-16,460025221,NT30,Approved,BUYER03,BUYER03,4
4500240,00040,0000100025,Thornbury Materials SpA,MAT-100147,Stainless clamp type 22 (Laboratory equipment),MG55,1000,1000,P05,1020,2.0,EA,1923.96,EUR,3847.92,2025-06-25,2025-07-16,2025-07-16,460025347,NT30,Approved,BUYER03,BUYER03,1
4500241,00010,0000100025,Thornbury Materials SpA,MAT-100147,Stainless clamp type 22 (Laboratory equipment),MG55,1000,1000,P02,1010,7.04,EA,1971.23,EUR,13877.46,2025-08-07,2025-09-08,2025-09-11,460025347,NT30,Approved,BUYER07,BUYER07,2
4500241,00020,0000100025,Thornbury Materials SpA,MAT-100091,Low-friction sensor type 14 (Mechanical parts),MG15,1000,1000,P02,1010,4.4,EA,808.41,EUR,3557.0,2025-08-07,2025-09-08,2025-09-11,460025291,NT30,Approved,BUYER07,BUYER07,3
4500241,00030,0000100025,Thornbury Materials SpA,MAT-100539,Insulated cartridge type 38 (Office and facility supplies),MG35,1000,1000,P02,1010,313.28,PC,77.21,EUR,24188.35,2025-08-07,2025-09-08,2025-09-11,460025739,NT30,Approved,BUYER07,BUYER07,1
4500241,00040,0000100025,Thornbury Materials SpA,MAT-100021,Heavy-duty membrane type 4 (Packaging materials),MG25,1000,1000,P02,1010,302.72,PC,0.79,EUR,239.15,2025-08-07,2025-09-08,2025-09-11,460025221,NT30,Approved,BUYER07,BUYER07,2
4500242,00010,0000100025,Thornbury Materials SpA,MAT-100091,Low-friction sensor type 14 (Mechanical parts),MG15,1000,1000,P02,1020,1.0,EA,838.97,EUR,838.97,2025-09-13,2025-10-25,2025-10-22,460025291,NT30,Open,BUYER05,BUYER05,3
4500243,00010,0000100025,Thornbury Materials SpA,MAT-100021,Heavy-duty membrane type 4 (Packaging materials),MG25,1000,1000,P04,1010,287.0,PC,0.76,EUR,218.12,2025-10-26,2025-11-26,2025-11-28,460025221,NT30,Approved,BUYER01,BUYER01,1
4500243,00020,0000100025,Thornbury Materials SpA,MAT-100147,Stainless clamp type 22 (Laboratory equipment),MG55,1000,1000,P04,1010,2.0,EA,1979.24,EUR,3958.48,2025-10-26,2025-11-26,2025-11-28,460025347,NT30,Approved,BUYER01,BUYER01,0
4500243,00030,0000100025,Thornbury Materials SpA,MAT-100091,Low-friction sensor type 14 (Mechanical parts),MG15,1000,1000,P04,1010,1.0,EA,795.92,EUR,795.92,2025-10-26,2025-11-26,2025-11-28,460025291,NT30,Approved,BUYER01,BUYER01,3
4500244,00010,0000100025,Thornbury Materials SpA,MAT-100147,Stainless clamp type 22 (Laboratory equipment),MG55,1000,1000,P02,1020,6.0,EA,2032.92,EUR,12197.52,2025-11-21,2025-12-30,2025-12-30,460025347,NT30,Approved,BUYER08,BUYER08,4
4500245,00010,0000100025,Thornbury Materials SpA,MAT-100539,Insulated cartridge type 38 (Office and facility supplies),MG35,1000,1000,P04,1010,71.0,PC,76.93,EUR,5462.03,2025-12-22,2026-01-16,2026-01-13,460025739,NT30,Approved,BUYER05,BUYER05,4
4500245,00020,0000100025,Thornbury Materials SpA,MAT-100147,Stainless clamp type 22 (Laboratory equipment),MG55,1000,1000,P04,1010,6.0,EA,1994.34,EUR,11966.04,2025-12-22,2026-01-16,2026-01-13,460025347,NT30,Approved,BUYER05,BUYER05,2
4500245,00030,0000100025,Thornbury Materials SpA,MAT-100091,Low-friction sensor type 14 (Mechanical parts),MG15,1000,1000,P04,1010,1.0,EA,771.46,EUR,771.46,2025-12-22,2026-01-16,2026-01-13,460025291,NT30,Approved,BUYER05,BUYER05,3
4500245,00040,0000100025,Thornbury Materials SpA,MAT-100021,Heavy-duty membrane type 4 (Packaging materials),MG25,1000,1000,P04,1010,292.0,PC,0.8,EUR,233.6,2025-12-22,2026-01-16,2026-01-13,460025221,NT30,Approved,BUYER05,BUYER05,2
4500246,00010,0000100026,Umbra Systems Inc,MAT-100175,Industrial connector type 26 (Mechanical parts),MG15,2000,2000,P01,2010,6.0,PC,286.99,USD,1721.94,2025-01-08,2025-01-25,2025-01-26,460026375,NT30,Approved,BUYER11,BUYER11,3
4500246,00020,0000100026,Umbra Systems Inc,MAT-100014,Heavy-duty bearing type 3 (Raw steel and metals),MG20,2000,2000,P01,2010,140.0,TO,33.42,USD,4678.8,2025-01-08,2025-01-25,2025-01-26,460026214,NT30,Approved,BUYER11,BUYER11,2
4500247,00010,0000100026,Umbra Systems Inc,MAT-100175,Industrial connector type 26 (Mechanical parts),MG15,2000,2000,P06,2020,18.0,PC,281.78,USD,5072.04,2025-02-26,2025-03-30,2025-03-26,460026375,NT30,Open,BUYER07,BUYER07,2
4500247,00020,0000100026,Umbra Systems Inc,MAT-100014,Heavy-duty bearing type 3 (Raw steel and metals),MG20,2000,2000,P06,2020,81.0,TO,19.5,USD,1579.5,2025-02-26,2025-03-30,2025-03-26,460026214,NT30,Open,BUYER07,BUYER07,0
4500248,00010,0000100026,Umbra Systems Inc,MAT-100175,Industrial connector type 26 (Mechanical parts),MG15,2000,2000,P02,2010,16.0,PC,281.32,USD,4501.12,2025-04-09,2025-05-03,2025-04-28,460026375,NT30,Approved,BUYER09,BUYER09,0
4500249,00010,0000100026,Umbra Systems Inc,MAT-100175,Industrial connector type 26 (Mechanical parts),MG15,2000,2000,P02,2020,21.0,PC,270.0,USD,5670.0,2025-05-06,2025-05-19,2025-05-18,460026375,NT30,Approved,BUYER05,BUYER05,1
4500249,00020,0000100026,Umbra Systems Inc,MAT-100014,Heavy-duty bearing type 3 (Raw steel and metals),MG20,2000,2000,P02,2020,148.0,TO,18.72,USD,2770.56,2025-05-06,2025-05-19,2025-05-18,460026214,NT30,Approved,BUYER05,BUYER05,1
4500250,00010,0000100026,Umbra Systems Inc,MAT-100014,Heavy-duty bearing type 3 (Raw steel and metals),MG20,2000,2000,P05,2010,288.0,TO,19.14,USD,5512.32,2025-06-25,2025-07-14,2025-07-12,460026214,NT30,Approved,BUYER08,BUYER08,0
4500250,00020,0000100026,Umbra Systems Inc,MAT-100175,Industrial connector type 26 (Mechanical parts),MG15,2000,2000,P05,2010,53.0,PC,271.08,USD,14367.24,2025-06-25,2025-07-14,2025-07-12,460026375,NT30,Approved,BUYER08,BUYER08,4
4500251,00010,0000100026,Umbra Systems Inc,MAT-100175,Industrial connector type 26 (Mechanical parts),MG15,2000,2000,P02,2020,58.0,PC,267.42,USD,15510.36,2025-08-04,2025-08-20,2025-08-22,460026375,NT30,Approved,BUYER02,BUYER02,4
4500252,00010,0000100026,Umbra Systems Inc,MAT-100175,Industrial connector type 26 (Mechanical parts),MG15,2000,2000,P03,2010,56.0,PC,278.3,USD,15584.8,2025-09-18,2025-10-09,2025-10-12,460026375,NT30,Approved,BUYER02,BUYER02,3
4500252,00020,0000100026,Umbra Systems Inc,MAT-100014,Heavy-duty bearing type 3 (Raw steel and metals),MG20,2000,2000,P03,2010,296.0,TO,19.53,USD,5780.88,2025-09-18,2025-10-09,2025-10-12,460026214,NT30,Approved,BUYER02,BUYER02,1
4500253,00010,0000100026,Umbra Systems Inc,MAT-100014,Heavy-duty bearing type 3 (Raw steel and metals),MG20,2000,2000,P02,2010,117.0,TO,19.33,USD,2261.61,2025-10-28,2025-11-27,2025-11-29,460026214,NT30,Approved,BUYER06,BUYER06,3
4500254,00010,0000100026,Umbra Systems Inc,MAT-100175,Industrial connector type 26 (Mechanical parts),MG15,2000,2000,P06,2010,50.0,PC,292.87,USD,14643.5,2025-12-14,2025-12-30,2025-12-25,460026375,NT30,Approved,BUYER08,BUYER08,2
4500255,00010,0000100027,Valemont Materials SpA,MAT-100014,Heavy-duty bearing type 3 (Raw steel and metals),MG20,3000,3000,P05,3010,324.0,TO,14.92,GBP,4834.08,2025-01-20,2025-02-26,2025-03-01,460027214,Z060,Approved,BUYER01,BUYER01,1
4500255,00020,0000100027,Valemont Materials SpA,MAT-100399,Reinforced terminal block type 18 (Laboratory equipment),MG55,3000,3000,P05,3010,5.0,EA,2047.09,GBP,10235.45,2025-01-20,2025-02-26,2025-03-01,460027599,Z060,Approved,BUYER01,BUYER01,3
4500256,00010,0000100027,Valemont Materials SpA,MAT-100399,Reinforced terminal block type 18 (Laboratory equipment),MG55,3000,3000,P04,3010,3.0,EA,2001.87,GBP,6005.61,2025-02-19,2025-03-18,2025-03-13,460027599,Z060,Approved,BUYER04,BUYER04,1
4500256,00020,0000100027,Valemont Materials SpA,MAT-100014,Heavy-duty bearing type 3 (Raw steel and metals),MG20,3000,3000,P04,3010,103.0,TO,15.87,GBP,1634.61,2025-02-19,2025-03-18,2025-03-13,460027214,Z060,Approved,BUYER04,BUYER04,0
4500257,00010,0000100027,Valemont Materials SpA,MAT-100014,Heavy-duty bearing type 3 (Raw steel and metals),MG20,3000,3000,P03,3010,221.0,TO,16.03,GBP,3542.63,2025-04-05,2025-04-15,2025-04-14,460027214,Z060,Approved,BUYER06,BUYER06,1
4500257,00020,0000100027,Valemont Materials SpA,MAT-100399,Reinforced terminal block type 18 (Laboratory equipment),MG55,3000,3000,P03,3010,6.0,EA,2016.55,GBP,12099.3,2025-04-05,2025-04-15,2025-04-14,460027599,Z060,Approved,BUYER06,BUYER06,0
4500258,00010,0000100027,Valemont Materials SpA,MAT-100014,Heavy-duty bearing type 3 (Raw steel and metals),MG20,3000,3000,P06,3010,254.0,TO,14.92,GBP,3789.68,2025-05-05,2025-05-31,2025-05-31,460027214,Z060,Approved,BUYER08,BUYER08,0
4500258,00020,0000100027,Valemont Materials SpA,MAT-100399,Reinforced terminal block type 18 (Laboratory equipment),MG55,3000,3000,P06,3010,11.0,EA,1971.31,GBP,21684.41,2025-05-05,2025-05-31,2025-05-31,460027599,Z060,Approved,BUYER08,BUYER08,4
4500259,00010,0000100027,Valemont Materials SpA,MAT-100014,Heavy-duty bearing type 3 (Raw steel and metals),MG20,3000,3000,P06,3010,386.0,TO,15.61,GBP,6025.46,2025-06-05,2025-06-17,2025-06-14,460027214,Z060,Approved,BUYER05,BUYER05,1
4500259,00020,0000100027,Valemont Materials SpA,MAT-100399,Reinforced terminal block type 18 (Laboratory equipment),MG55,3000,3000,P06,3010,5.0,EA,2096.97,GBP,10484.85,2025-06-05,2025-06-17,2025-06-14,460027599,Z060,Approved,BUYER05,BUYER05,0
4500260,00010,0000100027,Valemont Materials SpA,MAT-100399,Reinforced terminal block type 18 (Laboratory equipment),MG55,3000,3000,P01,3010,1.0,EA,2036.34,GBP,2036.34,2025-07-04,2025-08-16,2025-08-17,460027599,Z060,Open,BUYER01,BUYER01,1
4500261,00010,0000100027,Valemont Materials SpA,MAT-100399,Reinforced terminal block type 18 (Laboratory equipment),MG55,3000,3000,P02,3010,12.0,EA,2031.4,GBP,24376.8,2025-08-21,2025-09-26,2025-09-22,460027599,Z060,Approved,BUYER07,BUYER07,1
4500261,00020,0000100027,Valemont Materials SpA,MAT-100014,Heavy-duty bearing type 3 (Raw steel and metals),MG20,3000,3000,P02,3010,288.0,TO,15.16,GBP,4366.08,2025-08-21,2025-09-26,2025-09-22,460027214,Z060,Approved,BUYER07,BUYER07,0
4500262,00010,0000100027,Valemont Materials SpA,MAT-100014,Heavy-duty bearing type 3 (Raw steel and metals),MG20,3000,3000,P04,3010,226.0,TO,15.35,GBP,3469.1,2025-09-20,2025-10-12,2025-10-13,460027214,Z060,Approved,BUYER07,BUYER07,3
4500262,00020,0000100027,Valemont Materials SpA,MAT-100399,Reinforced terminal block type 18 (Laboratory equipment),MG55,3000,3000,P04,3010,1.0,EA,2096.82,GBP,2096.82,2025-09-20,2025-10-12,2025-10-13,460027599,Z060,Approved,BUYER07,BUYER07,0
4500263,00010,0000100027,Valemont Materials SpA,MAT-100014,Heavy-duty bearing type 3 (Raw steel and metals),MG20,3000,3000,P05,3010,204.0,TO,14.84,GBP,3027.36,2025-10-23,2025-12-03,2025-12-01,460027214,Z060,Approved,BUYER11,BUYER11,3
4500264,00010,0000100028,Westford Technologies Oy,MAT-100525,Compact clamp type 36 (Packaging materials),MG25,4000,4000,P06,4010,260.48,CAR,11.55,CHF,3008.54,2025-01-26,2025-03-10,2025-03-10,460028725,Z030,Approved,BUYER11,BUYER11,0
4500264,00020,0000100028,Westford Technologies Oy,MAT-100042,Heavy-duty filter type 7 (IT hardware),MG40,4000,4000,P06,4010,2.64,PC,1825.74,CHF,4819.95,2025-01-26,2025-03-10,2025-03-10,,Z030,Approved,BUYER11,BUYER11,2
4500265,00010,0000100028,Westford Technologies Oy,MAT-100525,Compact clamp type 36 (Packaging materials),MG25,4000,4000,P01,4010,87.0,CAR,11.31,CHF,983.97,2025-03-06,2025-03-16,2025-03-17,460028725,Z030,Approved,BUYER05,BUYER05,3
4500265,00020,0000100028,Westford Technologies Oy,MAT-100042,Heavy-duty filter type 7 (IT hardware),MG40,4000,4000,P01,4010,4.0,PC,1894.43,CHF,7577.72,2025-03-06,2025-03-16,2025-03-17,,Z030,Approved,BUYER05,BUYER05,2
4500266,00010,0000100028,Westford Technologies Oy,MAT-100042,Heavy-duty filter type 7 (IT hardware),MG40,4000,4000,P02,4010,1.0,PC,1806.47,CHF,1806.47,2025-04-06,2025-05-17,2025-05-17,,Z030,Approved,BUYER12,BUYER12,4
4500266,00020,0000100028,Westford Technologies Oy,MAT-100525,Compact clamp type 36 (Packaging materials),MG25,4000,4000,P02,4010,282.0,CAR,11.37,CHF,3206.34,2025-04-06,2025-05-17,2025-05-17,460028725,Z030,Approved,BUYER12,BUYER12,3
4500267,00010,0000100028,Westford Technologies Oy,MAT-100042,Heavy-duty filter type 7 (IT hardware),MG40,4000,4000,P05,4010,7.99,PC,1788.89,CHF,14293.23,2025-05-15,2025-06-22,2025-06-17,,Z030,Approved,BUYER10,BUYER10,2
4500268,00010,0000100028,Westford Technologies Oy,MAT-100042,Heavy-duty filter type 7 (IT hardware),MG40,4000,4000,P06,4010,7.99,PC,1787.28,CHF,14280.37,2025-06-18,2025-07-05,2025-07-01,,Z030,Approved,BUYER06,BUYER06,3
4500269,00010,0000100028,Westford Technologies Oy,MAT-100525,Compact clamp type 36 (Packaging materials),MG25,4000,4000,P01,4010,323.0,CAR,11.23,CHF,3627.29,2025-07-17,2025-08-27,2025-08-28,460028725,Z030,Approved,BUYER12,BUYER12,0
4500269,00020,0000100028,Westford Technologies Oy,MAT-100042,Heavy-duty filter type 7 (IT hardware),MG40,4000,4000,P01,4010,10.0,PC,1784.48,CHF,17844.8,2025-07-17,2025-08-27,2025-08-28,,Z030,Approved,BUYER12,BUYER12,0
4500270,00010,0000100028,Westford Technologies Oy,MAT-100042,Heavy-duty filter type 7 (IT hardware),MG40,4000,4000,P01,4010,5.0,PC,1915.59,CHF,9577.95,2025-08-19,2025-09-04,2025-08-31,,Z030,Approved,BUYER10,BUYER10,2
4500270,00020,0000100028,Westford Technologies Oy,MAT-100525,Compact clamp type 36 (Packaging materials),MG25,4000,4000,P01,4010,233.0,CAR,11.62,CHF,2707.46,2025-08-19,2025-09-04,2025-08-31,460028725,Z030,Approved,BUYER10,BUYER10,4
4500271,00010,0000100028,Westford Technologies Oy,MAT-100525,Compact clamp type 36 (Packaging materials),MG25,4000,4000,P04,4010,264.0,CAR,11.1,CHF,2930.4,2025-09-16,2025-10-16,2025-10-12,460028725,Z030,Approved,BUYER07,BUYER07,1
4500271,00020,0000100028,Westford Technologies Oy,MAT-100042,Heavy-duty filter type 7 (IT hardware),MG40,4000,4000,P04,4010,1.0,PC,1861.65,CHF,1861.65,2025-09-16,2025-10-16,2025-10-12,,Z030,Approved,BUYER07,BUYER07,0
4500272,00010,0000100028,Westford Technologies Oy,MAT-100525,Compact clamp type 36 (Packaging materials),MG25,4000,4000,P01,4010,81.0,CAR,11.94,CHF,967.14,2025-10-12,2025-11-05,2025-11-01,460028725,Z030,Approved,BUYER09,BUYER09,0
4500272,00020,0000100028,Westford Technologies Oy,MAT-100042,Heavy-duty filter type 7 (IT hardware),MG40,4000,4000,P01,4010,5.0,PC,1914.29,CHF,9571.45,2025-10-12,2025-11-05,2025-11-01,,Z030,Approved,BUYER09,BUYER09,2
4500273,00010,0000100028,Westford Technologies Oy,MAT-100042,Heavy-duty filter type 7 (IT hardware),MG40,4000,4000,P03,4010,6.0,PC,1872.2,CHF,11233.2,2025-11-03,2025-12-16,2025-12-14,,Z030,Approved,BUYER07,BUYER07,0
4500273,00020,0000100028,Westford Technologies Oy,MAT-100525,Compact clamp type 36 (Packaging materials),MG25,4000,4000,P03,4010,190.0,CAR,11.17,CHF,2122.3,2025-11-03,2025-12-16,2025-12-14,460028725,Z030,Approved,BUYER07,BUYER07,4
4500274,00010,0000100028,Westford Technologies Oy,MAT-100525,Compact clamp type 36 (Packaging materials),MG25,4000,4000,P05,4010,152.0,CAR,11.54,CHF,1754.08,2025-11-25,2025-12-31,2025-12-26,460028725,Z030,Open,BUYER10,BUYER10,2
4500274,00020,0000100028,Westford Technologies Oy,MAT-100042,Heavy-duty filter type 7 (IT hardware),MG40,4000,4000,P05,4010,1.0,PC,1773.56,CHF,1773.56,2025-11-25,2025-12-31,2025-12-26,,Z030,Open,BUYER10,BUYER10,4
4500275,00010,0000100029,Yarrow Systems Inc,MAT-100119,High-temperature connector type 18 (Office and facility supplies),MG35,1000,1000,P06,1020,72.0,PC,57.42,EUR,4134.24,2025-01-12,2025-01-23,2025-01-23,460029319,NT45,Open,BUYER09,BUYER09,3
4500275,00020,0000100029,Yarrow Systems Inc,MAT-100189,Reinforced connector type 28 (Packaging materials),MG25,1000,1000,P06,1020,72.0,PC,9.56,EUR,688.32,2025-01-12,2025-01-23,2025-01-23,460029389,NT45,Open,BUYER09,BUYER09,0
4500276,00010,0000100029,Yarrow Systems Inc,MAT-100189,Reinforced connector type 28 (Packaging materials),MG25,1000,1000,P04,1010,221.0,PC,9.63,EUR,2128.23,2025-02-21,2025-03-06,2025-03-09,460029389,NT45,Approved,BUYER11,BUYER11,0
4500276,00020,0000100029,Yarrow Systems Inc,MAT-100119,High-temperature connector type 18 (Office and facility supplies),MG35,1000,1000,P04,1010,200.0,PC,55.69,EUR,11138.0,2025-02-21,2025-03-06,2025-03-09,460029319,NT45,Approved,BUYER11,BUYER11,4
4500277,00010,0000100029,Yarrow Systems Inc,MAT-100189,Reinforced connector type 28 (Packaging materials),MG25,1000,1000,P06,1010,292.0,PC,9.35,EUR,2730.2,2025-03-22,2025-04-26,2025-04-27,460029389,NT45,Approved,BUYER07,BUYER07,3
4500277,00020,0000100029,Yarrow Systems Inc,MAT-100119,High-temperature connector type 18 (Office and facility supplies),MG35,1000,1000,P06,1010,248.0,PC,52.8,EUR,13094.4,2025-03-22,2025-04-26,2025-04-27,460029319,NT45,Approved,BUYER07,BUYER07,3
4500278,00010,0000100029,Yarrow Systems Inc,MAT-100119,High-temperature connector type 18 (Office and facility supplies),MG35,1000,1000,P01,1020,228.0,PC,54.93,EUR,12524.04,2025-04-16,2025-05-18,2025-05-13,460029319,NT45,Approved,BUYER12,BUYER12,0
4500278,00020,0000100029,Yarrow Systems Inc,MAT-100189,Reinforced connector type 28 (Packaging materials),MG25,1000,1000,P01,1020,143.0,PC,9.27,EUR,1325.61,2025-04-16,2025-05-18,2025-05-13,460029389,NT45,Approved,BUYER12,BUYER12,2
4500279,00010,0000100029,Yarrow Systems Inc,MAT-100189,Reinforced connector type 28 (Packaging materials),MG25,1000,1000,P05,1020,156.0,PC,9.44,EUR,1472.64,2025-05-27,2025-06-14,2025-06-09,460029389,NT45,Approved,BUYER03,BUYER03,3
4500280,00010,0000100029,Yarrow Systems Inc,MAT-100189,Reinforced connector type 28 (Packaging materials),MG25,1000,1000,P06,1010,180.0,PC,9.49,EUR,1708.2,2025-07-01,2025-07-30,2025-07-28,460029389,NT45,Approved,BUYER05,BUYER05,2
4500280,00020,0000100029,Yarrow Systems Inc,MAT-100119,High-temperature connector type 18 (Office and facility supplies),MG35,1000,1000,P06,1010,387.0,PC,53.68,EUR,20774.16,2025-07-01,2025-07-30,2025-07-28,460029319,NT45,Approved,BUYER05,BUYER05,1
4500281,00010,0000100029,Yarrow Systems Inc,MAT-100119,High-temperature connector type 18 (Office and facility supplies),MG35,1000,1000,P05,1010,365.0,PC,56.7,EUR,20695.5,2025-08-03,2025-08-18,2025-08-20,460029319,NT45,Approved,BUYER04,BUYER04,4
4500281,00020,0000100029,Yarrow Systems Inc,MAT-100189,Reinforced connector type 28 (Packaging materials),MG25,1000,1000,P05,1010,268.0,PC,9.23,EUR,2473.64,2025-08-03,2025-08-18,2025-08-20,460029389,NT45,Approved,BUYER04,BUYER04,2
4500282,00010,0000100029,Yarrow Systems Inc,MAT-100119,High-temperature connector type 18 (Office and facility supplies),MG35,1000,1000,P04,1010,172.0,PC,56.58,EUR,9731.76,2025-09-12,2025-10-26,2025-09-02,460029319,NT45,Approved,BUYER07,BUYER07,2
4500282,00020,0000100029,Yarrow Systems Inc,MAT-100189,Reinforced connector type 28 (Packaging materials),MG25,1000,1000,P04,1010,105.0,PC,9.59,EUR,1006.95,2025-09-12,2025-10-26,2025-10-26,460029389,NT45,Approved,BUYER07,BUYER07,2
4500283,00010,0000100029,Yarrow Systems Inc,MAT-100189,Reinforced connector type 28 (Packaging materials),MG25,1000,1000,P01,1020,309.0,PC,9.49,EUR,2932.41,2025-10-15,2025-11-21,2025-11-17,460029389,NT45,Approved,BUYER12,BUYER12,1
4500283,00020,0000100029,Yarrow Systems Inc,MAT-100119,High-temperature connector type 18 (Office and facility supplies),MG35,1000,1000,P01,1020,169.0,PC,52.91,EUR,8941.79,2025-10-15,2025-11-21,2025-11-17,460029319,NT45,Approved,BUYER12,BUYER12,0
4500284,00010,0000100029,Yarrow Systems Inc,MAT-100189,Reinforced connector type 28 (Packaging materials),MG25,1000,1000,P02,1010,165.0,PC,9.75,EUR,1608.75,2025-11-15,2025-12-25,2025-12-21,460029389,NT45,Approved,BUYER10,BUYER10,3
4500284,00020,0000100029,Yarrow Systems Inc,MAT-100119,High-temperature connector type 18 (Office and facility supplies),MG35,1000,1000,P02,1010,222.0,PC,53.93,EUR,11972.46,2025-11-15,2025-12-25,2025-12-21,460029319,NT45,Approved,BUYER10,BUYER10,4
4500285,00010,0000100030,Zenith Industrie GmbH,MAT-100371,Modular filter type 14 (Office and facility supplies),MG35,2000,2000,P02,2010,250.0,PC,74.64,USD,18660.0,2025-01-06,2025-01-25,2025-01-22,460030571,Z060,Approved,BUYER08,BUYER08,3
4500285,00020,0000100030,Zenith Industrie GmbH,MAT-100602,Precision housing type 7 (Raw steel and metals),MG20,2000,2000,P02,2010,300.0,KG,17.49,USD,5247.0,2025-01-06,2025-01-25,2025-01-22,460030802,Z060,Approved,BUYER08,BUYER08,1
4500285,00030,0000100030,Zenith Industrie GmbH,MAT-100308,Industrial spindle type 5 (Logistics and freight),MG50,2000,2000,P02,2010,47.0,H,490.68,USD,23061.96,2025-01-06,2025-01-25,2025-01-22,460030508,Z060,Approved,BUYER08,BUYER08,0
4500285,00040,0000100030,Zenith Industrie GmbH,MAT-100553,Reinforced gasket type 40 (Maintenance services),MG45,2000,2000,P02,2010,298.0,EA,85.07,USD,25350.86,2025-01-06,2025-01-25,2025-01-22,460030753,Z060,Approved,BUYER08,BUYER08,3
4500286,00010,0000100030,Zenith Industrie GmbH,MAT-100371,Modular filter type 14 (Office and facility supplies),MG35,2000,2000,P04,2020,189.0,PC,80.44,USD,15203.16,2025-02-03,2025-02-17,2025-02-16,460030571,Z060,Approved,BUYER11,BUYER11,2
4500286,00020,0000100030,Zenith Industrie GmbH,MAT-100553,Reinforced gasket type 40 (Maintenance services),MG45,2000,2000,P04,2020,347.0,EA,90.7,USD,31472.9,2025-02-03,2025-02-17,2025-02-16,460030753,NT120,Approved,BUYER11,BUYER11,3
4500286,00030,0000100030,Zenith Industrie GmbH,MAT-100308,Industrial spindle type 5 (Logistics and freight),MG50,2000,2000,P04,2020,25.0,H,487.33,USD,12183.25,2025-02-03,2025-02-17,2025-02-16,460030508,Z060,Approved,BUYER11,BUYER11,2
4500287,00010,0000100030,Zenith Industrie GmbH,MAT-100553,Reinforced gasket type 40 (Maintenance services),MG45,2000,2000,P01,2020,337.0,EA,85.62,USD,28853.94,2025-03-02,2025-03-29,2025-03-29,460030753,Z060,Approved,BUYER12,BUYER12,3
4500288,00010,0000100030,Zenith Industrie GmbH,MAT-100602,Precision housing type 7 (Raw steel and metals),MG20,2000,2000,P02,2020,197.0,KG,16.88,USD,3325.36,2025-04-03,2025-04-17,2025-04-14,460030802,Z060,Approved,BUYER04,BUYER04,0
4500289,00010,0000100030,Zenith Industrie GmbH,MAT-100602,Precision housing type 7 (Raw steel and metals),MG20,2000,2000,P04,2010,273.0,KG,17.28,USD,4717.44,2025-05-18,2025-06-02,2025-06-05,460030802,Z060,Open,BUYER05,BUYER05,1
4500290,00010,0000100030,Zenith Industrie GmbH,MAT-100308,Industrial spindle type 5 (Logistics and freight),MG50,2000,2000,P04,2010,20.0,H,452.09,USD,9041.8,2025-06-16,2025-07-07,2025-07-09,460030508,Z060,Approved,BUYER12,BUYER12,4
4500290,00020,0000100030,Zenith Industrie GmbH,MAT-100602,Precision housing type 7 (Raw steel and metals),MG20,2000,2000,P04,2010,302.0,KG,17.36,USD,5242.72,2025-06-16,2025-07-07,2025-07-09,460030802,Z060,Approved,BUYER12,BUYER12,3
4500291,00010,0000100030,Zenith Industrie GmbH,MAT-100553,Reinforced gasket type 40 (Maintenance services),MG45,2000,2000,P03,2010,331.0,EA,87.85,USD,29078.35,2025-07-27,2025-09-10,2025-09-05,460030753,CASH,Approved,BUYER04,BUYER04,0
4500292,00010,0000100030,Zenith Industrie GmbH,MAT-100308,Industrial spindle type 5 (Logistics and freight),MG50,2000,2000,P04,2010,52.0,H,465.19,USD,24189.88,2025-08-29,2025-09-25,2025-09-22,460030508,Z060,Approved,BUYER04,BUYER04,0
4500292,00020,0000100030,Zenith Industrie GmbH,MAT-100602,Precision housing type 7 (Raw steel and metals),MG20,2000,2000,P04,2010,108.0,KG,18.05,USD,1949.4,2025-08-29,2025-09-25,2025-09-22,460030802,Z060,Approved,BUYER04,BUYER04,0
4500292,00030,0000100030,Zenith Industrie GmbH,MAT-100553,Reinforced gasket type 40 (Maintenance services),MG45,2000,2000,P04,2010,52.0,EA,91.58,USD,4762.16,2025-08-29,2025-09-25,2025-09-22,460030753,Z060,Approved,BUYER04,BUYER04,3
4500293,00010,0000100030,Zenith Industrie GmbH,MAT-100553,Reinforced gasket type 40 (Maintenance services),MG45,2000,2000,P05,2010,65.0,EA,85.96,USD,5587.4,2025-10-03,2025-10-23,2025-10-23,460030753,Z060,Approved,BUYER10,BUYER10,0
4500293,00020,0000100030,Zenith Industrie GmbH,MAT-100602,Precision housing type 7 (Raw steel and metals),MG20,2000,2000,P05,2010,92.0,KG,17.31,USD,1592.52,2025-10-03,2025-10-23,2025-10-23,460030802,Z060,Approved,BUYER10,BUYER10,2
4500293,00030,0000100030,Zenith Industrie GmbH,MAT-100308,Industrial spindle type 5 (Logistics and freight),MG50,2000,2000,P05,2010,43.0,H,486.04,USD,20899.72,2025-10-03,2025-10-23,2025-10-23,460030508,Z060,Approved,BUYER10,BUYER10,2
4500293,00040,0000100030,Zenith Industrie GmbH,MAT-100371,Modular filter type 14 (Office and facility supplies),MG35,2000,2000,P05,2010,162.0,PC,74.6,USD,12085.2,2025-10-03,2025-10-23,2025-10-23,460030571,Z060,Approved,BUYER10,BUYER10,1
4500294,00010,0000100031,Ashford Technologies Oy,MAT-100539,Insulated cartridge type 38 (Office and facility supplies),MG35,3000,3000,P03,3010,332.0,PC,62.57,GBP,20773.24,2025-01-24,2025-02-28,2025-03-03,460031739,NT45,Approved,BUYER07,BUYER07,4
4500294,00020,0000100031,Ashford Technologies Oy,MAT-100504,Industrial terminal block type 33 (Electrical components),MG10,3000,3000,P03,3010,32.0,EA,234.68,GBP,7509.76,2025-01-24,2025-02-28,2025-03-03,,NT45,Approved,BUYER07,BUYER07,4
4500294,00030,0000100031,Ashford Technologies Oy,MAT-100084,Stainless connector type 13 (Electrical components),MG10,3000,3000,P03,3010,12.0,EA,296.43,GBP,3557.16,2025-01-24,2025-01-06,2025-03-03,,NT45,Approved,BUYER07,BUYER07,3
4500295,00010,0000100031,Ashford Technologies Oy,MAT-100504,Industrial terminal block type 33 (Electrical components),MG10,3000,3000,P02,3010,54.0,EA,227.47,GBP,12283.38,2025-03-06,2025-03-30,2025-03-27,,NT45,Approved,BUYER10,BUYER10,1
4500295,00020,0000100031,Ashford Technologies Oy,MAT-100084,Stainless connector type 13 (Electrical components),MG10,3000,3000,P02,3010,13.0,EA,298.51,GBP,3880.63,2025-03-06,2025-03-30,2025-03-27,,NT45,Approved,BUYER10,BUYER10,0
4500295,00030,0000100031,Ashford Technologies Oy,MAT-100539,Insulated cartridge type 38 (Office and facility supplies),MG35,3000,3000,P02,3010,233.0,PC,65.91,GBP,15357.03,2025-03-06,2025-03-30,2025-03-27,460031739,NT45,Approved,BUYER10,BUYER10,4
4500296,00010,0000100031,Ashford Technologies Oy,MAT-100539,Insulated cartridge type 38 (Office and facility supplies),MG35,3000,3000,P05,3010,121.0,PC,63.91,GBP,7733.11,2025-04-14,2025-05-23,2025-05-23,460031739,NT45,Approved,BUYER11,BUYER11,1
4500296,00020,0000100031,Ashford Technologies Oy,MAT-100504,Industrial terminal block type 33 (Electrical components),MG10,3000,3000,P05,3010,34.0,EA,233.66,GBP,7944.44,2025-04-14,2025-05-23,2025-05-23,,NT45,Approved,BUYER11,BUYER11,2
4500297,00010,0000100031,Ashford Technologies Oy,MAT-100539,Insulated cartridge type 38 (Office and facility supplies),MG35,3000,3000,P04,3010,39.0,PC,61.06,GBP,2381.34,2025-05-16,2025-06-14,2025-06-12,460031739,NT45,Approved,BUYER10,BUYER10,4
4500297,00020,0000100031,Ashford Technologies Oy,MAT-100084,Stainless connector type 13 (Electrical components),MG10,3000,3000,P04,3010,51.0,EA,277.04,GBP,14129.04,2025-05-16,2025-06-14,2025-06-12,,NT45,Approved,BUYER10,BUYER10,3
4500297,00030,0000100031,Ashford Technologies Oy,MAT-100504,Industrial terminal block type 33 (Electrical components),MG10,3000,3000,P04,3010,15.0,EA,226.3,GBP,3394.5,2025-05-16,2025-06-14,2025-06-12,,NT45,Approved,BUYER10,BUYER10,0
4500298,00010,0000100031,Ashford Technologies Oy,MAT-100084,Stainless connector type 13 (Electrical components),MG10,3000,3000,P06,3010,14.0,EA,289.39,GBP,4051.46,2025-06-25,2025-07-17,2025-07-20,,NT45,Approved,BUYER05,BUYER05,1
4500298,00020,0000100031,Ashford Technologies Oy,MAT-100504,Industrial terminal block type 33 (Electrical components),MG10,3000,3000,P06,3010,47.0,EA,223.97,GBP,10526.59,2025-06-25,2025-07-17,2025-07-20,,NT45,Approved,BUYER05,BUYER05,4
4500299,00010,0000100031,Ashford Technologies Oy,MAT-100084,Stainless connector type 13 (Electrical components),MG10,3000,3000,P02,3010,46.0,EA,281.23,GBP,12936.58,2025-08-14,2025-09-15,2025-09-16,,NT45,Approved,BUYER12,BUYER12,3
4500299,00020,0000100031,Ashford Technologies Oy,MAT-100504,Industrial terminal block type 33 (Electrical components),MG10,3000,3000,P02,3010,15.0,EA,225.11,GBP,3376.65,2025-08-14,2025-09-15,2025-09-16,,NT45,Approved,BUYER12,BUYER12,3
4500300,00010,0000100031,Ashford Technologies Oy,MAT-100084,Stainless connector type 13 (Electrical components),MG10,3000,3000,P06,3010,26.0,EA,298.13,GBP,7751.38,2025-09-22,2025-11-03,2025-11-04,,NT45,Approved,BUYER05,BUYER05,2
4500300,00020,0000100031,Ashford Technologies Oy,MAT-100539,Insulated cartridge type 38 (Office and facility supplies),MG35,3000,3000,P06,3010,266.0,PC,61.73,GBP,16420.18,2025-09-22,2025-11-03,2025-11-04,460031739,NT45,Approved,BUYER05,BUYER05,0
4500300,00030,0000100031,Ashford Technologies Oy,MAT-100504,Industrial terminal block type 33 (Electrical components),MG10,3000,3000,P06,3010,7.0,EA,214.76,GBP,1503.32,2025-09-22,2025-11-03,2025-11-04,,NT45,Approved,BUYER05,BUYER05,2
4500301,00010,0000100031,Ashford Technologies Oy,MAT-100504,Industrial terminal block type 33 (Electrical components),MG10,3000,3000,P05,3010,28.0,EA,229.46,GBP,6424.88,2025-10-25,2025-11-07,2025-11-04,,NT45,Approved,BUYER03,BUYER03,2
4500302,00010,0000100031,Ashford Technologies Oy,MAT-100504,Industrial terminal block type 33 (Electrical components),MG10,3000,3000,P05,3010,22.0,EA,229.01,GBP,5038.22,2025-11-28,2026-01-03,2025-12-31,,NT45,Open,BUYER02,BUYER02,3
4500303,00010,0000100032,Belmont Industrie GmbH,MAT-100266,Precision clamp type 39 (Raw steel and metals),MG20,4000,4000,P05,4010,211.0,TO,9.08,CHF,1915.88,2025-01-11,2025-02-25,2025-02-25,460032466,NT45,Approved,BUYER06,BUYER06,0
4500304,00010,0000100032,Belmont Industrie GmbH,MAT-100189,Reinforced connector type 28 (Packaging materials),MG25,4000,4000,P02,4010,247.0,PC,9.17,CHF,2264.99,2025-02-12,2025-03-23,2025-03-18,460032389,NT45,Open,BUYER11,BUYER11,3
4500304,00020,0000100032,Belmont Industrie GmbH,MAT-100350,Insulated clamp type 11 (Raw steel and metals),MG20,4000,4000,P02,4010,115.0,TO,11.14,CHF,1281.1,2025-02-12,2025-03-23,2025-03-18,460032550,NT45,Open,BUYER11,BUYER11,1
4500304,00030,0000100032,Belmont Industrie GmbH,MAT-100266,Precision clamp type 39 (Raw steel and metals),MG20,4000,4000,P02,4010,89.0,TO,9.9,EUR,881.1,2025-02-12,2025-03-23,2025-03-18,460032466,NT45,Open,BUYER11,BUYER11,3
4500305,00010,0000100032,Belmont Industrie GmbH,MAT-100406,Reinforced bearing type 19 (Safety equipment),MG60,4000,4000,P02,4010,56.0,PC,105.85,CHF,5927.6,2025-03-25,2025-05-01,2025-05-04,460032606,NT45,Approved,BUYER02,BUYER02,2
4500305,00020,0000100032,Belmont Industrie GmbH,MAT-100350,Insulated clamp type 11 (Raw steel and metals),MG20,4000,4000,P02,4010,353.0,TO,12.1,CHF,4271.3,2025-03-25,2025-05-01,2025-05-04,460032550,NT45,Approved,BUYER02,BUYER02,4
4500305,00030,0000100032,Belmont Industrie GmbH,MAT-100406,Reinforced bearing type 19 (Safety equipment),MG60,4000,4000,P02,4010,56.0,PC,105.85,CHF,5927.6,2025-03-25,2025-05-01,2025-05-04,460032606,NT45,Approved,BUYER02,BUYER02,2
4500306,00010,0000100032,Belmont Industrie GmbH,MAT-100189,Reinforced connector type 28 (Packaging materials),MG25,4000,4000,P04,4010,49.0,PC,9.09,CHF,445.41,2025-05-11,2025-05-28,2025-05-25,460032389,NT45,Approved,BUYER03,BUYER03,2
4500307,00010,0000100032,Belmont Industrie GmbH,MAT-100189,Reinforced connector type 28 (Packaging materials),MG25,4000,4000,P06,4010,189.0,PC,8.95,CHF,1691.55,2025-06-11,2025-06-21,2025-06-20,460032389,NT45,Approved,BUYER05,BUYER05,3
4500307,00020,0000100032,Belmont Industrie GmbH,MAT-100266,Precision clamp type 39 (Raw steel and metals),MG20,4000,4000,P06,4010,144.0,TO,9.85,CHF,1418.4,2025-06-11,2025-06-21,2025-06-20,460032466,NT45,Approved,BUYER05,BUYER05,3
4500308,00010,0000100032,Belmont Industrie GmbH,MAT-100406,Reinforced bearing type 19 (Safety equipment),MG60,4000,4000,P04,4010,31.0,PC,100.54,CHF,3116.74,2025-07-12,2025-07-30,2025-08-02,460032606,NT45,Approved,BUYER07,BUYER07,3
4500308,00020,0000100032,Belmont Industrie GmbH,MAT-100189,Reinforced connector type 28 (Packaging materials),MG25,4000,4000,P04,4010,57.0,PC,9.38,CHF,534.66,2025-07-12,2025-07-30,2025-08-02,460032389,NT45,Approved,BUYER07,BUYER07,4
4500308,00030,0000100032,Belmont Industrie GmbH,MAT-100567,Precision clamp type 2 (Laboratory equipment),MG55,4000,4000,P04,4010,10.0,EA,506.28,CHF,5062.8,2025-07-12,2025-07-30,2025-08-02,460032767,NT45,Approved,BUYER07,BUYER07,2
4500309,00010,0000100032,Belmont Industrie GmbH,MAT-100567,Precision clamp type 2 (Laboratory equipment),MG55,4000,4000,P03,4010,38.0,EA,527.47,CHF,20043.86,2025-08-14,2025-08-24,2025-08-21,460032767,NT45,Approved,BUYER03,BUYER03,3
4500309,00020,0000100032,Belmont Industrie GmbH,MAT-100189,Reinforced connector type 28 (Packaging materials),MG25,4000,4000,P03,4010,66.0,PC,8.98,CHF,592.68,2025-08-14,2025-08-24,2025-08-21,460032389,NT45,Approved,BUYER03,BUYER03,3
4500309,00030,0000100032,Belmont Industrie GmbH,MAT-100266,Precision clamp type 39 (Raw steel and metals),MG20,4000,4000,P03,4010,275.0,TO,9.53,CHF,2620.75,2025-08-14,2025-08-24,2025-08-21,460032466,NT45,Approved,BUYER03,BUYER03,2
4500310,00010,0000100032,Belmont Industrie GmbH,MAT-100350,Insulated clamp type 11 (Raw steel and metals),MG20,4000,4000,P04,4010,232.0,TO,11.05,CHF,2563.6,2025-09-19,2025-10-13,2025-10-16,460032550,NT45,Approved,BUYER12,BUYER12,1
4500311,00010,0000100033,Cresthill Components SA,MAT-100000,Insulated membrane type 1 (Electrical components),MG10,1000,1000,P05,1010,38.0,EA,114.25,EUR,4341.5,2025-01-19,2025-02-20,2025-02-19,,NT60,Approved,BUYER10,BUYER10,0
4500311,00020,0000100033,Cresthill Components SA,MAT-100525,Compact clamp type 36 (Packaging materials),MG25,1000,1000,P05,1010,211.0,CAR,12.09,EUR,2550.99,2025-01-19,2025-02-20,2025-02-19,460033725,NT60,Approved,BUYER10,BUYER10,0
4500311,00030,0000100033,Cresthill Components SA,MAT-100007,High-temperature clamp type 2 (Mechanical parts),MG15,1000,1000,P05,1010,56.0,PC,732.25,EUR,41006.0,2025-01-19,2025-02-20,2025-02-19,460033207,NT60,Approved,BUYER10,BUYER10,1
4500311,00040,0000100033,Cresthill Components SA,MAT-100490,Industrial sensor type 31 (Safety equipment),MG60,1000,1000,P05,1010,12.0,BOX,203.4,EUR,2440.8,2025-01-19,2025-02-20,2025-02-19,460033690,NT60,Approved,BUYER10,BUYER10,2
4500312,00010,0000100033,Cresthill Components SA,MAT-100007,High-temperature clamp type 2 (Mechanical parts),MG15,1000,1000,P01,1010,14.0,PC,717.69,EUR,10047.66,2025-02-22,2025-03-20,2025-03-17,460033207,NT60,Approved,BUYER09,BUYER09,1
4500312,00020,0000100033,Cresthill Components SA,MAT-100525,Compact clamp type 36 (Packaging materials),MG25,1000,1000,P01,1010,349.0,CAR,11.95,EUR,4170.55,2025-02-22,2025-03-20,2025-03-17,460033725,NT60,Approved,BUYER09,BUYER09,1
4500313,00010,0000100033,Cresthill Components SA,MAT-100490,Industrial sensor type 31 (Safety equipment),MG60,1000,1000,P04,1010,52.0,BOX,201.52,EUR,10479.04,2025-03-21,2025-04-07,2025-04-10,460033690,NT60,Approved,BUYER04,BUYER04,4
4500314,00010,0000100033,Cresthill Components SA,MAT-100525,Compact clamp type 36 (Packaging materials),MG25,1000,1000,P04,1020,208.0,CAR,12.58,EUR,2616.64,2025-04-17,2025-05-21,2025-05-19,460033725,NT60,Approved,BUYER04,BUYER04,3
4500314,00020,0000100033,Cresthill Components SA,MAT-100007,High-temperature clamp type 2 (Mechanical parts),MG15,1000,1000,P04,1020,22.0,PC,744.32,EUR,16375.04,2025-04-17,2025-05-21,2025-05-19,460033207,NT60,Approved,BUYER04,BUYER04,1
4500314,00030,0000100033,Cresthill Components SA,MAT-100000,Insulated membrane type 1 (Electrical components),MG10,1000,1000,P04,1020,6.0,EA,109.95,EUR,659.7,2025-04-17,2025-05-21,2025-05-19,,NT60,Approved,BUYER04,BUYER04,0
4500314,00040,0000100033,Cresthill Components SA,MAT-100490,Industrial sensor type 31 (Safety equipment),MG60,1000,1000,P04,1020,39.0,BOX,196.26,EUR,7654.14,2025-04-17,2025-05-21,2025-05-19,460033690,NT60,Approved,BUYER04,BUYER04,2
4500315,00010,0000100033,Cresthill Components SA,MAT-100007,High-temperature clamp type 2 (Mechanical parts),MG15,1000,1000,P03,1020,46.0,PC,728.08,EUR,33491.68,2025-05-20,2025-06-08,2025-06-06,,NT60,Approved,BUYER06,BUYER06,2
4500315,00020,0000100033,Cresthill Components SA,MAT-100525,Compact clamp type 36 (Packaging materials),MG25,1000,1000,P03,1020,331.0,CAR,12.14,EUR,4018.34,2025-05-20,2025-06-08,2025-06-06,460033725,NT60,Approved,BUYER06,BUYER06,2
4500315,00030,0000100033,Cresthill Components SA,MAT-100490,Industrial sensor type 31 (Safety equipment),MG60,1000,1000,P03,1020,47.0,BOX,215.3,EUR,10119.1,2025-05-20,2025-06-08,2025-06-06,460033690,NT60,Approved,BUYER06,BUYER06,0
4500315,00040,0000100033,Cresthill Components SA,MAT-100000,Insulated membrane type 1 (Electrical components),MG10,1000,1000,P03,1020,31.0,EA,109.09,EUR,3381.79,2025-05-20,2025-06-08,2025-06-06,,NT60,Approved,BUYER06,BUYER06,3
4500316,00010,0000100033,Cresthill Components SA,MAT-100000,Insulated membrane type 1 (Electrical components),MG10,1000,1000,P01,1010,10.0,EA,111.17,EUR,1111.7,2025-06-14,2025-07-12,2025-07-12,,NT60,Approved,BUYER05,BUYER05,0
4500316,00020,0000100033,Cresthill Components SA,MAT-100007,High-temperature clamp type 2 (Mechanical parts),MG15,1000,1000,P01,1010,19.0,PC,698.15,EUR,13264.85,2025-06-14,2025-07-12,2025-07-12,460033207,NT60,Approved,BUYER05,BUYER05,1
4500316,00030,0000100033,Cresthill Components SA,MAT-100525,Compact clamp type 36 (Packaging materials),MG25,1000,1000,P01,1010,125.0,CAR,11.77,EUR,1471.25,2025-06-14,2025-07-12,2025-07-12,460033725,NT60,Approved,BUYER05,BUYER05,2
4500317,00010,0000100033,Cresthill Components SA,MAT-100007,High-temperature clamp type 2 (Mechanical parts),MG15,1000,1000,P06,1020,26.0,PC,691.79,EUR,17986.54,2025-07-10,2025-08-06,2025-08-08,460033207,NT60,Approved,BUYER02,BUYER02,3
4500317,00020,0000100033,Cresthill Components SA,MAT-100490,Industrial sensor type 31 (Safety equipment),MG60,1000,1000,P06,1020,0.0,BOX,202.1,EUR,0.0,2025-07-10,2025-08-06,2025-08-08,460033690,NT60,Approved,BUYER02,BUYER02,0
4500317,00030,0000100033,Cresthill Components SA,MAT-100525,Compact clamp type 36 (Packaging materials),MG25,1000,1000,P06,1020,384.0,CAR,11.98,EUR,4600.32,2025-07-10,2025-08-06,2025-08-08,460033725,NT60,Approved,BUYER02,BUYER02,0
4500318,00010,0000100033,Cresthill Components SA,MAT-100525,Compact clamp type 36 (Packaging materials),MG25,1000,1000,P01,1020,83.0,CAR,12.48,EUR,1035.84,2025-08-05,2025-08-25,2025-08-23,460033725,NT60,Approved,BUYER11,BUYER11,3
4500318,00020,0000100033,Cresthill Components SA,MAT-100000,Insulated membrane type 1 (Electrical components),MG10,1000,1000,P01,1020,21.0,EA,116.17,EUR,2439.57,2025-08-05,2025-08-25,2025-08-23,,NT60,Approved,BUYER11,BUYER11,1
4500319,00010,0000100033,Cresthill Components SA,MAT-100000,Insulated membrane type 1 (Electrical components),MG10,1000,1000,P02,1010,22.0,EA,114.42,EUR,2517.24,2025-09-09,2025-10-15,2025-10-14,,NT60,Approved,BUYER01,BUYER01,3
4500319,00020,0000100033,Cresthill Components SA,MAT-100490,Industrial sensor type 31 (Safety equipment),MG60,1000,1000,P02,1010,31.0,BOX,214.77,EUR,6657.87,2025-09-09,2025-10-15,2025-10-14,460033690,NT60,Approved,BUYER01,BUYER01,0
4500320,00010,0000100033,Cresthill Components SA,MAT-100007,High-temperature clamp type 2 (Mechanical parts),MG15,1000,1000,P04,1010,56.0,PC,747.3,EUR,41848.8,2025-10-17,2025-10-27,2025-10-25,460033207,NT60,Blocked,BUYER06,BUYER06,1
4500321,00010,0000100033,Cresthill Components SA,MAT-100007,High-temperature clamp type 2 (Mechanical parts),MG15,1000,1000,P05,1010,13.0,PC,691.69,EUR,8991.97,2025-11-11,2025-11-23,2025-11-19,460033207,NT60,Approved,BUYER02,BUYER02,1
4500321,00020,0000100033,Cresthill Components SA,MAT-100525,Compact clamp type 36 (Packaging materials),MG25,1000,1000,P05,1010,212.0,CAR,12.14,EUR,2573.68,2025-11-11,2025-11-23,2025-11-19,460033725,NT60,Approved,BUYER02,BUYER02,0
4500321,00030,0000100033,Cresthill Components SA,MAT-100490,Industrial sensor type 31 (Safety equipment),MG60,1000,1000,P05,1010,40.0,BOX,203.5,EUR,8140.0,2025-11-11,2025-11-23,2025-11-19,460033690,NT60,Approved,BUYER02,BUYER02,4
4500321,00040,0000100033,Cresthill Components SA,MAT-100000,Insulated membrane type 1 (Electrical components),MG10,1000,1000,P05,1010,17.0,EA,110.3,EUR,1875.1,2025-11-11,2025-11-23,2025-11-19,,NT60,Approved,BUYER02,BUYER02,2
4500322,00010,0000100034,Dunmore Supply Ltd,MAT-100546,Industrial housing type 39 (IT hardware),MG40,2000,2000,P01,2010,7.35,PC,2218.07,USD,16302.81,2025-01-14,2025-02-08,2025-02-05,,NT45,Approved,BUYER09,BUYER09,2
4500323,00010,0000100034,Dunmore Supply Ltd,MAT-100063,Stainless gasket type 10 (Laboratory equipment),MG55,2000,2000,P04,2020,5.0,PC,2342.19,USD,11710.95,2025-02-25,2025-03-19,2025-03-16,460034263,NT45,Approved,BUYER03,BUYER03,1
4500324,00010,0000100034,Dunmore Supply Ltd,MAT-100063,Stainless gasket type 10 (Laboratory equipment),MG55,2000,2000,P02,2020,5.0,PC,2233.29,USD,11166.45,2025-04-04,2025-04-29,2025-04-25,460034263,NT45,Approved,BUYER06,BUYER06,4
4500324,00020,0000100034,Dunmore Supply Ltd,MAT-100273,Insulated gasket type 40 (Packaging materials),MG25,2000,2000,P02,2020,64.0,CAR,2.62,USD,167.68,2025-04-04,2025-04-29,2025-04-25,460034473,NT45,Approved,BUYER06,BUYER06,4
4500324,00030,0000100034,Dunmore Supply Ltd,MAT-100546,Industrial housing type 39 (IT hardware),MG40,2000,2000,P02,2020,7.47,PC,2181.6,USD,16296.55,2025-04-04,2025-04-29,2025-04-25,,NT45,Approved,BUYER06,BUYER06,4
4500325,00010,0000100034,Dunmore Supply Ltd,MAT-100063,Stainless gasket type 10 (Laboratory equipment),MG55,2000,2000,P06,2020,11.0,PC,2298.38,USD,25282.18,2025-05-02,2025-06-10,2025-06-05,460034263,NT45,Approved,BUYER07,BUYER07,2
4500325,00020,0000100034,Dunmore Supply Ltd,MAT-100546,Industrial housing type 39 (IT hardware),MG40,2000,2000,P06,2020,5.0,PC,2090.61,USD,10453.05,2025-05-02,2025-06-10,2025-06-05,,NT45,Approved,BUYER07,BUYER07,4
4500325,00030,0000100034,Dunmore Supply Ltd,MAT-100273,Insulated gasket type 40 (Packaging materials),MG25,2000,2000,P06,2020,110.0,CAR,2.7,USD,297.0,2025-05-02,2025-06-10,2025-06-05,460034473,NT45,Approved,BUYER07,BUYER07,0
4500326,00010,0000100034,Dunmore Supply Ltd,MAT-100063,Stainless gasket type 10 (Laboratory equipment),MG55,2000,2000,P03,2020,2.0,PC,2398.38,USD,4796.76,2025-05-30,2025-07-10,2025-07-11,460034263,NT45,Approved,BUYER11,BUYER11,4
4500326,00020,0000100034,Dunmore Supply Ltd,MAT-100546,Industrial housing type 39 (IT hardware),MG40,2000,2000,P03,2020,10.0,PC,2123.07,USD,21230.7,2025-05-30,2025-07-10,2025-07-11,,NT45,Approved,BUYER11,BUYER11,3
4500326,00030,0000100034,Dunmore Supply Ltd,MAT-100273,Insulated gasket type 40 (Packaging materials),MG25,2000,2000,P03,2020,63.0,CAR,2.67,USD,168.21,2025-05-30,2025-07-10,2025-07-11,460034473,NT45,Approved,BUYER11,BUYER11,1
4500327,00010,0000100034,Dunmore Supply Ltd,MAT-100546,Industrial housing type 39 (IT hardware),MG40,2000,2000,P01,2010,2.0,PC,2184.4,USD,4368.8,2025-06-26,2025-07-19,2025-07-14,,NT45,Approved,BUYER11,BUYER11,1
4500327,00020,0000100034,Dunmore Supply Ltd,MAT-100063,Stainless gasket type 10 (Laboratory equipment),MG55,2000,2000,P01,2010,11.0,PC,2379.22,USD,26171.42,2025-06-26,2025-07-19,2025-07-14,460034263,NT45,Approved,BUYER11,BUYER11,4
4500328,00010,0000100034,Dunmore Supply Ltd,MAT-100273,Insulated gasket type 40 (Packaging materials),MG25,2000,2000,P01,2020,366.0,CAR,2.74,USD,1002.84,2025-08-01,2025-09-09,2025-09-12,460034473,NT45,Approved,BUYER05,BUYER05,3
4500328,00020,0000100034,Dunmore Supply Ltd,MAT-100063,Stainless gasket type 10 (Laboratory equipment),MG55,2000,2000,P01,2020,4.0,PC,2216.97,USD,8867.88,2025-08-01,2025-09-09,2025-09-12,460034263,NT45,Approved,BUYER05,BUYER05,2
4500328,00030,0000100034,Dunmore Supply Ltd,MAT-100546,Industrial housing type 39 (IT hardware),MG40,2000,2000,P01,2020,5.0,PC,2195.5,USD,10977.5,2025-08-01,2025-09-09,2025-09-12,,NT45,Approved,BUYER05,BUYER05,4
4500329,00010,0000100034,Dunmore Supply Ltd,MAT-100546,Industrial housing type 39 (IT hardware),MG40,2000,2000,P03,2020,7.0,PC,2041.98,USD,14293.86,2025-09-06,2025-10-15,2025-10-11,,NT45,Approved,BUYER12,BUYER12,3
4500329,00020,0000100034,Dunmore Supply Ltd,MAT-100273,Insulated gasket type 40 (Packaging materials),MG25,2000,2000,P03,2020,361.0,CAR,2.53,USD,913.33,2025-09-06,2025-10-15,2025-10-11,460034473,NT45,Approved,BUYER12,BUYER12,0
4500330,00010,0000100034,Dunmore Supply Ltd,MAT-100546,Industrial housing type 39 (IT hardware),MG40,2000,2000,P01,2010,5.0,PC,2060.36,USD,10301.8,2025-10-08,2025-10-20,2025-10-23,,NT45,Approved,BUYER02,BUYER02,1
4500330,00020,0000100034,Dunmore Supply Ltd,MAT-100273,Insulated gasket type 40 (Packaging materials),MG25,2000,2000,P01,2010,278.0,CAR,2.59,USD,720.02,2025-10-08,2025-10-20,2025-11-07,460034473,NT45,Approved,BUYER02,BUYER02,4
4500330,00030,0000100034,Dunmore Supply Ltd,MAT-100063,Stainless gasket type 10 (Laboratory equipment),MG55,2000,2000,P01,2010,3.0,PC,2385.52,USD,7156.56,2025-10-08,2025-10-20,2025-10-23,460034263,NT45,Approved,BUYER02,BUYER02,2
4500331,00010,0000100034,Dunmore Supply Ltd,MAT-100063,Stainless gasket type 10 (Laboratory equipment),MG55,2000,2000,P06,2020,3.0,PC,2355.26,USD,7065.78,2025-11-18,2025-12-11,2025-12-07,460034263,NT45,Approved,BUYER08,BUYER08,1
4500331,00020,0000100034,Dunmore Supply Ltd,MAT-100273,Insulated gasket type 40 (Packaging materials),MG25,2000,2000,P06,2020,163.0,CAR,2.67,USD,435.21,2025-11-18,2025-12-11,2025-12-07,460034473,NT45,Approved,BUYER08,BUYER08,4
4500331,00030,0000100034,Dunmore Supply Ltd,MAT-100546,Industrial housing type 39 (IT hardware),MG40,2000,2000,P06,2020,3.0,PC,2206.09,USD,6618.27,2025-11-18,2025-12-11,2025-12-07,,NT45,Approved,BUYER08,BUYER08,0
4500332,00010,0000100035,Eastvale Manufacturing AG,MAT-100357,High-temperature sensor type 12 (Packaging materials),MG25,3000,3000,P01,3010,283.0,CAR,5.35,GBP,1514.05,2025-01-08,2025-02-10,2025-02-06,460035557,Z030,Approved,BUYER09,BUYER09,3
4500332,00020,0000100035,Eastvale Manufacturing AG,MAT-100084,Stainless connector type 13 (Electrical components),MG10,3000,3000,P01,3010,44.0,EA,286.38,GBP,12600.72,2025-01-08,2025-02-10,2025-02-06,,Z030,Approved,BUYER09,BUYER09,0
4500333,00010,0000100035,Eastvale Manufacturing AG,MAT-100084,Stainless connector type 13 (Electrical components),MG10,3000,3000,P01,3010,37.0,EA,294.33,GBP,10890.21,2025-02-22,2025-04-03,2025-04-04,,Z030,Approved,BUYER06,BUYER06,2
4500334,00010,0000100035,Eastvale Manufacturing AG,MAT-100084,Stainless connector type 13 (Electrical components),MG10,3000,3000,P05,3010,31.0,EA,283.83,GBP,8798.73,2025-03-27,2025-04-24,2025-04-25,,Z030,Approved,BUYER07,BUYER07,0
4500334,00020,0000100035,Eastvale Manufacturing AG,MAT-100357,High-temperature sensor type 12 (Packaging materials),MG25,3000,3000,P05,3010,73.0,CAR,5.6,GBP,408.8,2025-03-27,2025-04-24,2025-03-15,460035557,Z030,Approved,BUYER07,BUYER07,1
4500335,00010,0000100035,Eastvale Manufacturing AG,MAT-100357,High-temperature sensor type 12 (Packaging materials),MG25,3000,3000,P03,3010,358.0,CAR,5.54,GBP,1983.32,2025-05-20,2025-06-05,2025-06-01,460035557,Z030,Approved,BUYER08,BUYER08,4
4500335,00020,0000100035,Eastvale Manufacturing AG,MAT-100084,Stainless connector type 13 (Electrical components),MG10,3000,3000,P03,3010,49.0,EA,287.33,GBP,14079.17,2025-05-20,2025-06-05,2025-06-01,,Z030,Approved,BUYER08,BUYER08,2
4500336,00010,0000100035,Eastvale Manufacturing AG,MAT-100084,Stainless connector type 13 (Electrical components),MG10,3000,3000,P04,3010,37.0,EA,286.03,GBP,10583.11,2025-06-21,2025-07-10,2025-07-07,,Z030,Approved,BUYER09,BUYER09,0
4500336,00020,0000100035,Eastvale Manufacturing AG,MAT-100357,High-temperature sensor type 12 (Packaging materials),MG25,3000,3000,P04,3010,226.0,CAR,5.62,GBP,1270.12,2025-06-21,2025-07-10,2025-07-07,460035557,Z030,Approved,BUYER09,BUYER09,0
4500337,00010,0000100035,Eastvale Manufacturing AG,MAT-100357,High-temperature sensor type 12 (Packaging materials),MG25,3000,3000,P05,3010,54.0,CAR,5.39,GBP,291.06,2025-08-07,2025-08-26,2025-08-29,460035557,Z030,Approved,BUYER03,BUYER03,3
4500338,00010,0000100035,Eastvale Manufacturing AG,MAT-100357,High-temperature sensor type 12 (Packaging materials),MG25,3000,3000,P04,3010,43.0,CAR,5.49,GBP,236.07,2025-09-25,2025-10-31,2025-10-26,460035557,Z030,Approved,BUYER05,BUYER05,0
4500338,00020,0000100035,Eastvale Manufacturing AG,MAT-100084,Stainless connector type 13 (Electrical components),MG10,3000,3000,P04,3010,21.0,EA,285.95,GBP,6004.95,2025-09-25,2025-10-31,2025-10-26,,Z030,Approved,BUYER05,BUYER05,4
4500339,00010,0000100035,Eastvale Manufacturing AG,MAT-100084,Stainless connector type 13 (Electrical components),MG10,3000,3000,P02,3010,21.0,EA,290.48,GBP,6100.08,2025-11-10,2025-11-26,2025-11-22,,Z030,Approved,BUYER10,BUYER10,0
4500339,00020,0000100035,Eastvale Manufacturing AG,MAT-100357,High-temperature sensor type 12 (Packaging materials),MG25,3000,3000,P02,3010,34.0,CAR,5.34,GBP,181.56,2025-11-10,2025-11-26,2025-11-22,460035557,Z030,Approved,BUYER10,BUYER10,1
4500340,00010,0000100036,Foxglove Components SA,MAT-100462,High-temperature filter type 27 (IT hardware),MG40,4000,4000,P01,4010,24.0,PC,250.2,CHF,6004.8,2025-01-22,2025-02-13,2025-02-12,,Z060,Approved,BUYER08,BUYER08,4
4500340,00020,0000100036,Foxglove Components SA,MAT-100203,Compact seal ring type 30 (Office and facility supplies),MG35,4000,4000,P01,4010,325.0,PC,26.98,CHF,8768.5,2025-01-22,2025-02-13,2025-02-12,460036403,Z060,Approved,BUYER08,BUYER08,2
4500340,00030,0000100036,Foxglove Components SA,MAT-100343,Low-friction filter type 10 (Mechanical parts),MG15,4000,4000,P01,4010,36.0,EA,93.14,CHF,3353.04,2025-01-22,2025-02-13,2025-02-12,460036543,Z060,Approved,BUYER08,BUYER08,4
4500340,00040,0000100036,Foxglove Components SA,MAT-100574,Compact filter type 3 (Safety equipment),MG60,4000,4000,P01,4010,49.0,BOX,147.21,CHF,7213.29,2025-01-22,2025-02-13,2025-02-12,460036774,Z060,Approved,BUYER08,BUYER08,3
4500341,00010,0000100036,Foxglove Components SA,MAT-100462,High-temperature filter type 27 (IT hardware),MG40,4000,4000,P03,4010,49.0,PC,246.7,CHF,12088.3,2025-02-27,2025-03-14,2025-03-09,,Z060,Approved,BUYER06,BUYER06,1
4500341,00020,0000100036,Foxglove Components SA,MAT-100343,Low-friction filter type 10 (Mechanical parts),MG15,4000,4000,P03,4010,17.0,EA,100.28,CHF,1704.76,2025-02-27,2025-03-14,2025-03-09,460036543,Z060,Approved,BUYER06,BUYER06,2
4500341,00030,0000100036,Foxglove Components SA,MAT-100280,Insulated terminal block type 1 (Chemicals and lubricants),MG30,4000,4000,P03,4010,138.0,KG,24.5,CHF,3381.0,2025-02-27,2025-03-14,2025-03-09,460036480,Z060,Approved,BUYER06,BUYER06,4
4500342,00010,0000100036,Foxglove Components SA,MAT-100343,Low-friction filter type 10 (Mechanical parts),MG15,4000,4000,P06,4010,55.0,EA,98.37,CHF,5410.35,2025-04-05,2025-05-08,2025-05-11,460036543,Z060,Approved,BUYER05,BUYER05,1
4500342,00020,0000100036,Foxglove Components SA,MAT-100574,Compact filter type 3 (Safety equipment),MG60,4000,4000,P06,4010,43.0,BOX,154.18,CHF,6629.74,2025-04-05,2025-05-08,2025-05-11,460036774,Z060,Approved,BUYER05,BUYER05,2
4500343,00010,0000100036,Foxglove Components SA,MAT-100574,Compact filter type 3 (Safety equipment),MG60,4000,4000,P05,4010,55.0,BOX,147.7,CHF,8123.5,2025-04-26,2025-06-01,2025-06-04,460036774,Z060,Open,BUYER04,BUYER04,4
4500344,00010,0000100036,Foxglove Components SA,MAT-100574,Compact filter type 3 (Safety equipment),MG60,4000,4000,P01,4010,58.0,BOX,155.13,CHF,8997.54,2025-05-19,2025-06-15,2025-06-14,460036774,Z060,Approved,BUYER10,BUYER10,1
4500344,00020,0000100036,Foxglove Components SA,MAT-100462,High-temperature filter type 27 (IT hardware),MG40,4000,4000,P01,4010,10.0,PC,245.41,CHF,2454.1,2025-05-19,2025-06-15,2025-06-14,,Z060,Approved,BUYER10,BUYER10,2
4500345,00010,0000100036,Foxglove Components SA,MAT-100462,High-temperature filter type 27 (IT hardware),MG40,4000,4000,P04,4010,6.0,PC,245.54,CHF,1473.24,2025-06-11,2025-07-05,2025-07-02,,Z060,Approved,BUYER02,BUYER02,0
4500345,00020,0000100036,Foxglove Components SA,MAT-100343,Low-friction filter type 10 (Mechanical parts),MG15,4000,4000,P04,4010,60.0,EA,97.04,CHF,5822.4,2025-06-11,2025-07-05,2025-07-02,460036543,Z060,Approved,BUYER02,BUYER02,0
4500345,00030,0000100036,Foxglove Components SA,MAT-100574,Compact filter type 3 (Safety equipment),MG60,4000,4000,P04,4010,25.0,BOX,146.3,CHF,3657.5,2025-06-11,2025-07-05,2025-07-02,460036774,Z060,Approved,BUYER02,BUYER02,1
4500345,00040,0000100036,Foxglove Components SA,MAT-100203,Compact seal ring type 30 (Office and facility supplies),MG35,4000,4000,P04,4010,143.0,PC,26.92,CHF,3849.56,2025-06-11,2025-07-05,2025-07-02,460036403,Z060,Approved,BUYER02,BUYER02,1
4500346,00010,0000100036,Foxglove Components SA,MAT-100462,High-temperature filter type 27 (IT hardware),MG40,4000,4000,P04,4010,8.0,PC,246.33,CHF,1970.64,2025-07-17,2025-08-17,2025-08-18,,Z060,Approved,BUYER12,BUYER12,2
4500346,00020,0000100036,Foxglove Components SA,MAT-100574,Compact filter type 3 (Safety equipment),MG60,4000,4000,P04,4010,59.0,BOX,152.96,CHF,9024.64,2025-07-17,2025-08-17,2025-08-18,460036774,Z060,Approved,BUYER12,BUYER12,3
4500347,00010,0000100036,Foxglove Components SA,MAT-100574,Compact filter type 3 (Safety equipment),MG60,4000,4000,P01,4010,14.0,BOX,151.02,CHF,2114.28,2025-08-09,2025-09-01,2025-08-31,460036774,Z060,Approved,BUYER07,BUYER07,2
4500348,00010,0000100036,Foxglove Components SA,MAT-100343,Low-friction filter type 10 (Mechanical parts),MG15,4000,4000,P04,4010,35.2,EA,96.2,CHF,3386.24,2025-09-06,2025-10-07,2025-10-03,460036543,Z060,Open,BUYER01,BUYER01,2
4500348,00020,0000100036,Foxglove Components SA,MAT-100280,Insulated terminal block type 1 (Chemicals and lubricants),MG30,4000,4000,P04,4010,173.36,KG,23.84,CHF,4132.9,2025-09-06,2025-10-07,2025-10-03,460036480,Z060,Open,BUYER01,BUYER01,3
4500348,00030,0000100036,Foxglove Components SA,MAT-100574,Compact filter type 3 (Safety equipment),MG60,4000,4000,P04,4010,4.4,BOX,146.45,CHF,644.38,2025-09-06,2025-10-07,2025-10-03,460036774,Z060,Open,BUYER01,BUYER01,3
4500349,00010,0000100036,Foxglove Components SA,MAT-100203,Compact seal ring type 30 (Office and facility supplies),MG35,4000,4000,P02,4010,329.12,PC,25.43,CHF,8369.52,2025-10-02,2025-10-19,2025-10-21,460036403,Z060,Open,BUYER03,BUYER03,0
4500350,00010,0000100036,Foxglove Components SA,MAT-100203,Compact seal ring type 30 (Office and facility supplies),MG35,4000,4000,P02,4010,314.0,PC,26.35,CHF,8273.9,2025-11-07,2025-12-13,2025-12-13,460036403,Z060,Approved,BUYER12,BUYER12,1
4500350,00020,0000100036,Foxglove Components SA,MAT-100343,Low-friction filter type 10 (Mechanical parts),MG15,4000,4000,P02,4010,28.0,EA,94.22,CHF,2638.16,2025-11-07,2025-12-13,2025-12-13,460036543,Z060,Approved,BUYER12,BUYER12,2
4500350,00030,0000100036,Foxglove Components SA,MAT-100462,High-temperature filter type 27 (IT hardware),MG40,4000,4000,P02,4010,55.0,PC,248.82,CHF,13685.1,2025-11-07,2025-12-13,2025-12-13,,Z060,Approved,BUYER12,BUYER12,2
4500350,00040,0000100036,Foxglove Components SA,MAT-100574,Compact filter type 3 (Safety equipment),MG60,4000,4000,P02,4010,50.0,BOX,143.25,CHF,7162.5,2025-11-07,2025-12-13,2025-12-13,460036774,Z060,Approved,BUYER12,BUYER12,0
4500351,00010,0000100036,Foxglove Components SA,MAT-100280,Insulated terminal block type 1 (Chemicals and lubricants),MG30,4000,4000,P01,4010,303.0,KG,23.86,CHF,7229.58,2025-11-29,2025-12-22,2025-12-25,460036480,Z060,Approved,BUYER05,BUYER05,3
4500351,00020,0000100036,Foxglove Components SA,MAT-100574,Compact filter type 3 (Safety equipment),MG60,4000,4000,P01,4010,1357.88,BOX,157.34,CHF,213648.84,2025-11-29,2025-12-22,2025-12-25,460036774,Z060,Approved,BUYER05,BUYER05,1
4500351,00030,0000100036,Foxglove Components SA,MAT-100462,High-temperature filter type 27 (IT hardware),MG40,4000,4000,P01,4010,16.0,PC,258.09,CHF,4129.44,2025-11-29,2025-12-22,2025-12-25,,Z060,Approved,BUYER05,BUYER05,3
4500351,00040,0000100036,Foxglove Components SA,MAT-100343,Low-friction filter type 10 (Mechanical parts),MG15,4000,4000,P01,4010,14.0,EA,96.53,CHF,1351.42,2025-11-29,2025-12-22,2025-12-25,460036543,Z060,Approved,BUYER05,BUYER05,0
4500352,00010,0000100037,Glenmore Logistics AS,MAT-100196,Low-friction bracket type 29 (Chemicals and lubricants),MG30,1000,1000,P04,1010,29.0,KG,13.09,EUR,379.61,2025-01-08,2025-01-22,2025-01-18,460037396,NT30,Approved,BUYER08,BUYER08,1
4500352,00020,0000100037,Glenmore Logistics AS,MAT-100518,Stainless pulley type 35 (Raw steel and metals),MG20,1000,1000,P04,1010,292.0,KG,19.86,EUR,5799.12,2025-01-08,2025-01-22,2025-01-18,460037718,NT30,Approved,BUYER08,BUYER08,4
4500352,00030,0000100037,Glenmore Logistics AS,MAT-100259,Stainless bracket type 38 (Mechanical parts),MG15,1000,1000,P04,1010,49.0,PC,737.88,EUR,36156.12,2025-01-08,2025-01-22,2025-01-18,460037459,NT30,Approved,BUYER08,BUYER08,3
4500353,00010,0000100037,Glenmore Logistics AS,MAT-100518,Stainless pulley type 35 (Raw steel and metals),MG20,1000,1000,P04,1020,397.0,KG,18.23,EUR,7237.31,2025-01-29,2025-02-16,2025-02-17,460037718,NT30,Approved,BUYER02,BUYER02,4
4500354,00010,0000100037,Glenmore Logistics AS,MAT-100518,Stainless pulley type 35 (Raw steel and metals),MG20,1000,1000,P03,1020,125.0,KG,18.96,EUR,2370.0,2025-03-03,2025-03-31,2025-03-26,460037718,NT30,Approved,BUYER06,BUYER06,3
4500355,00010,0000100037,Glenmore Logistics AS,MAT-100259,Stainless bracket type 38 (Mechanical parts),MG15,1000,1000,P01,1020,56.0,PC,409.18,EUR,22914.08,2025-03-29,2025-04-25,2025-04-24,460037459,NT30,Approved,BUYER10,BUYER10,4
4500355,00020,0000100037,Glenmore Logistics AS,MAT-100518,Stainless pulley type 35 (Raw steel and metals),MG20,1000,1000,P01,1020,134.0,KG,18.4,EUR,2465.6,2025-03-29,2025-04-25,2025-04-24,460037718,NT30,Approved,BUYER10,BUYER10,1
4500355,00030,0000100037,Glenmore Logistics AS,MAT-100196,Low-friction bracket type 29 (Chemicals and lubricants),MG30,1000,1000,P01,1020,309.0,KG,13.18,EUR,4072.62,2025-03-29,2025-04-25,2025-04-24,460037396,NT30,Approved,BUYER10,BUYER10,2
4500356,00010,0000100037,Glenmore Logistics AS,MAT-100259,Stainless bracket type 38 (Mechanical parts),MG15,1000,1000,P04,1010,9.0,PC,387.86,EUR,3490.74,2025-04-24,2025-05-29,2025-05-30,460037459,NT30,Approved,BUYER12,BUYER12,4
4500356,00020,0000100037,Glenmore Logistics AS,MAT-100427,Insulated connector type 22 (Mechanical parts),MG15,1000,1000,P04,1010,56.0,EA,337.68,EUR,18910.08,2025-04-24,2025-05-29,2025-05-30,460037627,NT30,Approved,BUYER12,BUYER12,2
4500356,00030,0000100037,Glenmore Logistics AS,MAT-100196,Low-friction bracket type 29 (Chemicals and lubricants),MG30,1000,1000,P04,1010,281.0,KG,13.46,EUR,3782.26,2025-04-24,2025-05-29,2025-05-30,460037396,NT30,Approved,BUYER12,BUYER12,3
4500357,00010,0000100037,Glenmore Logistics AS,MAT-100518,Stainless pulley type 35 (Raw steel and metals),MG20,1000,1000,P02,1010,201.0,KG,19.79,EUR,3977.79,2025-05-18,2025-06-21,2025-06-18,460037718,NT30,Open,BUYER11,BUYER11,4
4500358,00010,0000100037,Glenmore Logistics AS,MAT-100518,Stainless pulley type 35 (Raw steel and metals),MG20,1000,1000,P03,1010,49.0,KG,18.86,EUR,924.14,2025-06-20,2025-07-25,2025-07-28,460037718,NT30,Approved,BUYER12,BUYER12,1
4500358,00020,0000100037,Glenmore Logistics AS,MAT-100259,Stainless bracket type 38 (Mechanical parts),MG15,1000,1000,P03,1010,20.0,PC,397.93,EUR,7958.6,2025-06-20,2025-07-25,2025-07-28,460037459,NT30,Approved,BUYER12,BUYER12,3
4500358,00030,0000100037,Glenmore Logistics AS,MAT-100427,Insulated connector type 22 (Mechanical parts),MG15,1000,1000,P03,1010,29.0,EA,363.2,EUR,10532.8,2025-06-20,2025-07-25,2025-07-28,460037627,NT30,Approved,BUYER12,BUYER12,2
4500358,00040,0000100037,Glenmore Logistics AS,MAT-100196,Low-friction bracket type 29 (Chemicals and lubricants),MG30,1000,1000,P03,1010,297.0,KG,13.37,EUR,3970.89,2025-06-20,2025-07-25,2025-07-28,460037396,NT30,Approved,BUYER12,BUYER12,4
4500359,00010,0000100037,Glenmore Logistics AS,MAT-100259,Stainless bracket type 38 (Mechanical parts),MG15,1000,1000,P02,1020,10.0,PC,399.5,EUR,3995.0,2025-07-16,2025-07-31,2025-07-29,460037459,NT30,Approved,BUYER04,BUYER04,1
4500359,00020,0000100037,Glenmore Logistics AS,MAT-100518,Stainless pulley type 35 (Raw steel and metals),MG20,1000,1000,P02,1020,337.0,KG,19.49,EUR,6568.13,2025-07-16,2025-07-31,2025-07-29,460037718,NT30,Approved,BUYER04,BUYER04,4
4500359,00030,0000100037,Glenmore Logistics AS,MAT-100196,Low-friction bracket type 29 (Chemicals and lubricants),MG30,1000,1000,P02,1020,187.0,KG,13.52,EUR,2528.24,2025-07-16,2025-07-31,2025-07-29,460037396,NT30,Approved,BUYER04,BUYER04,1
4500359,00040,0000100037,Glenmore Logistics AS,MAT-100427,Insulated connector type 22 (Mechanical parts),MG15,1000,1000,P02,1020,26.0,EA,371.31,EUR,9654.06,2025-07-16,2025-07-31,2025-07-29,460037627,NT30,Approved,BUYER04,BUYER04,3
4500360,00010,0000100037,Glenmore Logistics AS,MAT-100518,Stainless pulley type 35 (Raw steel and metals),MG20,1000,1000,P02,1010,154.0,KG,18.95,EUR,2918.3,2025-08-15,2025-09-15,2025-09-11,460037718,NT30,Approved,BUYER04,BUYER04,2
4500360,00020,0000100037,Glenmore Logistics AS,MAT-100259,Stainless bracket type 38 (Mechanical parts),MG15,1000,1000,P02,1010,25.0,PC,377.82,EUR,9445.5,2025-08-15,2025-09-15,2025-09-11,460037459,NT30,Approved,BUYER04,BUYER04,2
4500360,00030,0000100037,Glenmore Logistics AS,MAT-100196,Low-friction bracket type 29 (Chemicals and lubricants),MG30,1000,1000,P02,1010,59.0,KG,12.8,EUR,755.2,2025-08-15,2025-09-15,2025-09-11,460037396,NT30,Approved,BUYER04,BUYER04,1
4500360,00040,0000100037,Glenmore Logistics AS,MAT-100427,Insulated connector type 22 (Mechanical parts),MG15,1000,1000,P02,1010,38.0,EA,344.51,EUR,13091.38,2025-08-15,2025-09-15,2025-09-11,460037627,NT30,Approved,BUYER04,BUYER04,1
4500361,00010,0000100037,Glenmore Logistics AS,MAT-100427,Insulated connector type 22 (Mechanical parts),MG15,1000,1000,P04,1010,13.0,EA,362.9,EUR,4717.7,2025-09-16,2025-10-09,2025-10-09,460037627,NT30,Open,BUYER10,BUYER10,0
4500362,00010,0000100037,Glenmore Logistics AS,MAT-100259,Stainless bracket type 38 (Mechanical parts),MG15,1000,1000,P02,1020,57.0,PC,396.6,EUR,22606.2,2025-10-11,2025-11-10,2025-11-12,460037459,NT30,Approved,BUYER11,BUYER11,0
4500362,00020,0000100037,Glenmore Logistics AS,MAT-100196,Low-friction bracket type 29 (Chemicals and lubricants),MG30,1000,1000,P02,1020,153.0,KG,13.91,EUR,2128.23,2025-10-11,2025-11-10,2025-11-12,460037396,NT30,Approved,BUYER11,BUYER11,4
4500362,00030,0000100037,Glenmore Logistics AS,MAT-100427,Insulated connector type 22 (Mechanical parts),MG15,1000,1000,P02,1020,12.0,EA,364.09,EUR,4369.08,2025-10-11,2025-11-10,2025-11-12,460037627,NT30,Approved,BUYER11,BUYER11,4
4500362,00040,0000100037,Glenmore Logistics AS,MAT-100518,Stainless pulley type 35 (Raw steel and metals),MG20,1000,1000,P02,1020,154.0,KG,19.61,EUR,3019.94,2025-10-11,2025-11-10,2025-11-12,460037718,NT30,Approved,BUYER11,BUYER11,2
4500363,00010,0000100037,Glenmore Logistics AS,MAT-100259,Stainless bracket type 38 (Mechanical parts),MG15,1000,1000,P06,1010,24.0,PC,410.37,EUR,9848.88,2025-11-04,2025-12-03,2025-12-03,460037459,NT30,Approved,BUYER07,BUYER07,0
4500363,00020,0000100037,Glenmore Logistics AS,MAT-100518,Stainless pulley type 35 (Raw steel and metals),MG20,1000,1000,P06,1010,132.0,KG,20.0,EUR,2640.0,2025-11-04,2025-12-03,2025-12-03,460037718,NT30,Approved,BUYER07,BUYER07,3
4500363,00030,0000100037,Glenmore Logistics AS,MAT-100427,Insulated connector type 22 (Mechanical parts),MG15,1000,1000,P06,1010,25.0,EA,345.46,EUR,8636.5,2025-11-04,2025-12-03,2025-12-03,460037627,NT30,Approved,BUYER07,BUYER07,2
4500364,00010,0000100038,Hollowbrook Systems Inc,MAT-100308,Industrial spindle type 5 (Logistics and freight),MG50,2000,2000,P04,2010,20.24,H,452.92,USD,9167.1,2025-01-26,2025-03-09,2025-03-04,460038508,Z030,Open,BUYER11,BUYER11,1
4500365,00010,0000100038,Hollowbrook Systems Inc,MAT-100140,Stainless clamp type 21 (Logistics and freight),MG50,2000,2000,P05,2020,8.0,H,440.13,USD,3521.04,2025-03-06,2025-04-18,2025-04-14,460038340,Z030,Approved,BUYER01,BUYER01,0
4500365,00020,0000100038,Hollowbrook Systems Inc,MAT-100434,Insulated pulley type 23 (Raw steel and metals),MG20,2000,2000,P05,2020,174.0,TO,13.35,USD,2322.9,2025-03-06,2025-04-18,2025-04-14,460038634,Z030,Approved,BUYER01,BUYER01,1
4500365,00030,0000100038,Hollowbrook Systems Inc,MAT-100441,High-temperature terminal block type 24 (Packaging materials),MG25,2000,2000,P05,2020,154.0,PC,1.79,USD,275.66,2025-03-06,2025-04-18,2025-04-14,460038641,Z030,Approved,BUYER01,BUYER01,2
4500366,00010,0000100038,Hollowbrook Systems Inc,MAT-100140,Stainless clamp type 21 (Logistics and freight),MG50,2000,2000,P02,2010,13.0,H,413.85,USD,5380.05,2025-04-09,2025-05-17,2025-05-18,460038340,Z030,Approved,BUYER03,BUYER03,3
4500366,00020,0000100038,Hollowbrook Systems Inc,MAT-100434,Insulated pulley type 23 (Raw steel and metals),MG20,2000,2000,P02,2010,105.0,TO,13.26,USD,1392.3,2025-04-09,2025-05-17,2025-05-18,460038634,Z030,Approved,BUYER03,BUYER03,2
4500366,00030,0000100038,Hollowbrook Systems Inc,MAT-100308,Industrial spindle type 5 (Logistics and freight),MG50,2000,2000,P02,2010,35.0,H,455.42,USD,15939.7,2025-04-09,2025-05-17,2025-05-18,460038508,Z030,Approved,BUYER03,BUYER03,1
4500366,00040,0000100038,Hollowbrook Systems Inc,MAT-100546,Industrial housing type 39 (IT hardware),MG40,2000,2000,P02,2010,8.0,PC,2126.43,USD,17011.44,2025-04-09,2025-05-17,2025-05-18,,Z030,Approved,BUYER03,BUYER03,4
4500367,00010,0000100038,Hollowbrook Systems Inc,MAT-100434,Insulated pulley type 23 (Raw steel and metals),MG20,2000,2000,P04,2010,382.0,TO,13.14,USD,5019.48,2025-05-13,2025-06-23,2025-06-20,460038634,Z030,Approved,BUYER09,BUYER09,1
4500367,00020,0000100038,Hollowbrook Systems Inc,MAT-100441,High-temperature terminal block type 24 (Packaging materials),MG25,2000,2000,P04,2010,395.0,PC,1.78,USD,703.1,2025-05-13,2025-06-23,2025-06-20,460038641,Z030,Approved,BUYER09,BUYER09,3
4500367,00030,0000100038,Hollowbrook Systems Inc,MAT-100623,Reinforced cartridge type 10 (Office and facility supplies),MG35,2000,2000,P04,2010,230.0,PC,12.81,USD,2946.3,2025-05-13,2025-06-23,2025-06-20,460038823,Z030,Approved,BUYER09,BUYER09,2
4500367,00040,0000100038,Hollowbrook Systems Inc,MAT-100140,Stainless clamp type 21 (Logistics and freight),MG50,2000,2000,P04,2010,59.0,H,448.07,USD,26436.13,2025-05-13,2025-06-23,2025-06-20,460038340,Z030,Approved,BUYER09,BUYER09,4
4500368,00010,0000100038,Hollowbrook Systems Inc,MAT-100308,Industrial spindle type 5 (Logistics and freight),MG50,2000,2000,P05,2010,42.0,H,494.01,USD,20748.42,2025-06-22,2025-08-05,2025-08-02,460038508,Z030,In Review,BUYER03,BUYER03,4
4500368,00020,0000100038,Hollowbrook Systems Inc,MAT-100434,Insulated pulley type 23 (Raw steel and metals),MG20,2000,2000,P05,2010,80.0,TO,12.75,USD,1020.0,2025-06-22,2025-08-05,2025-08-02,460038634,Z030,In Review,BUYER03,BUYER03,3
4500368,00030,0000100038,Hollowbrook Systems Inc,MAT-100147,Stainless clamp type 22 (Laboratory equipment),MG55,2000,2000,P05,2010,7.0,EA,2248.93,USD,15742.51,2025-06-22,2025-08-05,2025-08-02,460038347,Z030,In Review,BUYER03,BUYER03,0
4500369,00010,0000100038,Hollowbrook Systems Inc,MAT-100441,High-temperature terminal block type 24 (Packaging materials),MG25,2000,2000,P05,2010,208.0,PC,1.77,USD,368.16,2025-07-28,2025-08-17,2025-08-13,460038641,Z030,Approved,BUYER12,BUYER12,3
4500370,00010,0000100038,Hollowbrook Systems Inc,MAT-100441,High-temperature terminal block type 24 (Packaging materials),MG25,2000,2000,P03,2020,373.0,PC,1.7,USD,634.1,2025-09-14,2025-10-01,2025-09-30,460038641,Z030,Approved,BUYER04,BUYER04,3
4500370,00020,0000100038,Hollowbrook Systems Inc,MAT-100147,Stainless clamp type 22 (Laboratory equipment),MG55,2000,2000,P03,2020,252.62,EA,2244.96,USD,567121.8,2025-09-14,2025-10-01,2025-09-30,460038347,Z030,Approved,BUYER04,BUYER04,2
4500371,00010,0000100038,Hollowbrook Systems Inc,MAT-100623,Reinforced cartridge type 10 (Office and facility supplies),MG35,2000,2000,P02,2020,46.0,PC,12.23,USD,562.58,2025-10-23,2025-12-01,2025-11-26,460038823,Z030,Not Approved,BUYER10,BUYER10,1
4500371,00020,0000100038,Hollowbrook Systems Inc,MAT-100434,Insulated pulley type 23 (Raw steel and metals),MG20,2000,2000,P02,2020,321.0,TO,13.35,USD,4285.35,2025-10-23,2025-12-01,2025-11-26,460038634,Z030,Not Approved,BUYER10,BUYER10,2
4500371,00030,0000100038,Hollowbrook Systems Inc,MAT-100140,Stainless clamp type 21 (Logistics and freight),MG50,2000,2000,P02,2020,34.0,H,446.68,USD,15187.12,2025-10-23,2025-12-01,2025-11-26,460038340,Z030,Not Approved,BUYER10,BUYER10,4
4500372,00010,0000100039,Inverness Logistics AS,MAT-100364,Industrial terminal block type 13 (Chemicals and lubricants),MG30,3000,3000,P04,3010,33.0,KG,14.79,GBP,488.07,2025-01-09,2025-02-09,2025-02-06,460039564,NT30,Open,BUYER05,BUYER05,2
4500373,00010,0000100039,Inverness Logistics AS,MAT-100259,Stainless bracket type 38 (Mechanical parts),MG15,3000,3000,P03,3010,35.0,PC,340.72,GBP,11925.2,2025-02-13,2025-03-27,2025-03-27,460039459,NT30,Approved,BUYER10,BUYER10,2
4500374,00010,0000100039,Inverness Logistics AS,MAT-100462,High-temperature filter type 27 (IT hardware),MG40,3000,3000,P05,3010,51.0,PC,219.87,GBP,11213.37,2025-03-18,2025-04-08,2025-04-04,,NT30,Approved,BUYER11,BUYER11,3
4500375,00010,0000100039,Inverness Logistics AS,MAT-100028,Heavy-duty gasket type 5 (Chemicals and lubricants),MG30,3000,3000,P02,3010,256.0,KG,11.88,GBP,3041.28,2025-04-27,2025-06-06,2025-06-07,460039228,NT30,Approved,BUYER05,BUYER05,3
4500375,00020,0000100039,Inverness Logistics AS,MAT-100462,High-temperature filter type 27 (IT hardware),MG40,3000,3000,P02,3010,22.0,PC,214.67,GBP,4722.74,2025-04-27,2025-06-06,2025-06-07,,NT30,Approved,BUYER05,BUYER05,3
4500376,00010,0000100039,Inverness Logistics AS,MAT-100462,High-temperature filter type 27 (IT hardware),MG40,3000,3000,P06,3010,29.92,PC,236.53,GBP,7076.98,2025-06-02,2025-06-26,2025-06-23,,NT30,Open,BUYER12,BUYER12,2
4500377,00010,0000100039,Inverness Logistics AS,MAT-100469,Insulated filter type 28 (Maintenance services),MG45,3000,3000,P02,3010,26.0,EA,154.16,GBP,4008.16,2025-07-06,2025-07-30,2025-08-01,460039669,NT30,Approved,BUYER11,BUYER11,1
4500377,00020,0000100039,Inverness Logistics AS,MAT-100462,High-temperature filter type 27 (IT hardware),MG40,3000,3000,P02,3010,39.0,PC,236.25,GBP,9213.75,2025-07-06,2025-07-30,2025-08-01,,NT30,Approved,BUYER11,BUYER11,0
4500377,00030,0000100039,Inverness Logistics AS,MAT-100364,Industrial terminal block type 13 (Chemicals and lubricants),MG30,3000,3000,P02,3010,96.0,KG,15.66,GBP,1503.36,2025-07-06,2025-07-30,2025-08-01,460039564,NT30,Approved,BUYER11,BUYER11,4
4500378,00010,0000100039,Inverness Logistics AS,MAT-100469,Insulated filter type 28 (Maintenance services),MG45,3000,3000,P02,3010,21.0,EA,162.83,GBP,3419.43,2025-08-14,2025-08-29,2025-08-25,460039669,NT30,Approved,BUYER09,BUYER09,0
4500378,00020,0000100039,Inverness Logistics AS,MAT-100259,Stainless bracket type 38 (Mechanical parts),MG15,3000,3000,P02,3010,42.0,PC,332.1,GBP,13948.2,2025-08-14,2025-08-29,2025-08-25,460039459,NT30,Approved,BUYER09,BUYER09,1
4500379,00010,0000100039,Inverness Logistics AS,MAT-100259,Stainless bracket type 38 (Mechanical parts),MG15,3000,3000,P06,3010,46.0,PC,323.83,GBP,14896.18,2025-09-13,2025-10-24,2025-10-24,460039459,NT30,Approved,BUYER08,BUYER08,0
4500379,00020,0000100039,Inverness Logistics AS,MAT-100028,Heavy-duty gasket type 5 (Chemicals and lubricants),MG30,3000,3000,P06,3010,380.0,KG,11.64,USD,4423.2,2025-09-13,2025-10-24,2025-10-24,460039228,NT30,Approved,BUYER08,BUYER08,2
4500379,00030,0000100039,Inverness Logistics AS,MAT-100462,High-temperature filter type 27 (IT hardware),MG40,3000,3000,P06,3010,47.0,PC,225.98,GBP,10621.06,2025-09-13,2025-10-24,2025-10-24,,NT30,Approved,BUYER08,BUYER08,2
4500380,00010,0000100039,Inverness Logistics AS,MAT-100364,Industrial terminal block type 13 (Chemicals and lubricants),MG30,3000,3000,P01,3010,387.0,KG,15.58,GBP,6029.46,2025-10-22,2025-12-05,2025-12-01,460039564,NT30,Approved,BUYER04,BUYER04,3
4500380,00020,0000100039,Inverness Logistics AS,MAT-100259,Stainless bracket type 38 (Mechanical parts),MG15,3000,3000,P01,3010,14.0,PC,331.8,GBP,4645.2,2025-10-22,2025-12-05,2025-12-01,460039459,NT30,Approved,BUYER04,BUYER04,2
4500380,00030,0000100039,Inverness Logistics AS,MAT-100462,High-temperature filter type 27 (IT hardware),MG40,3000,3000,P01,3010,56.0,PC,225.77,GBP,12643.12,2025-10-22,2025-12-05,2025-12-01,,NT30,Approved,BUYER04,BUYER04,1
4500380,00040,0000100039,Inverness Logistics AS,MAT-100469,Insulated filter type 28 (Maintenance services),MG45,3000,3000,P01,3010,22.0,EA,159.02,GBP,3498.44,2025-10-22,2025-12-05,2025-12-01,460039669,NT30,Approved,BUYER04,BUYER04,0
4500381,00010,0000100039,Inverness Logistics AS,MAT-100259,Stainless bracket type 38 (Mechanical parts),MG15,3000,3000,P06,3010,38.0,PC,338.88,GBP,12877.44,2025-11-29,2025-12-16,2025-12-11,460039459,NT30,Approved,BUYER11,BUYER11,4
4500381,00020,0000100039,Inverness Logistics AS,MAT-100364,Industrial terminal block type 13 (Chemicals and lubricants),MG30,3000,3000,P06,3010,376.0,KG,16.0,GBP,6016.0,2025-11-29,2025-12-16,2025-12-11,460039564,NT30,Approved,BUYER11,BUYER11,3
4500381,00030,0000100039,Inverness Logistics AS,MAT-100469,Insulated filter type 28 (Maintenance services),MG45,3000,3000,P06,3010,40.0,EA,150.26,GBP,6010.4,2025-11-29,2025-12-16,2025-12-11,460039669,NT30,Approved,BUYER11,BUYER11,3
4500382,00010,0000100040,Kingsley Materials SpA,MAT-100455,Stainless connector type 26 (Office and facility supplies),MG35,4000,4000,P03,4010,178.0,BOX,46.65,CHF,8303.7,2025-01-17,2025-02-10,2025-02-12,460040655,NT30,Approved,BUYER03,BUYER03,4
4500382,00020,0000100040,Kingsley Materials SpA,MAT-100231,Modular housing type 34 (Laboratory equipment),MG55,4000,4000,P03,4010,8.0,PC,1735.51,CHF,13884.08,2025-01-17,2025-02-10,2025-02-12,460040431,NT30,Approved,BUYER03,BUYER03,1
4500382,00030,0000100040,Kingsley Materials SpA,MAT-100280,Insulated terminal block type 1 (Chemicals and lubricants),MG30,4000,4000,P03,4010,172.0,KG,23.47,CHF,4036.84,2025-01-17,2025-02-10,2025-02-12,460040480,NT30,Approved,BUYER03,BUYER03,3
4500383,00010,0000100040,Kingsley Materials SpA,MAT-100112,Stainless clamp type 17 (Chemicals and lubricants),MG30,4000,4000,P04,4010,238.0,L,54.71,CHF,13020.98,2025-02-07,2025-03-06,2025-03-07,460040312,NT30,Approved,BUYER04,BUYER04,2
4500383,00020,0000100040,Kingsley Materials SpA,MAT-100455,Stainless connector type 26 (Office and facility supplies),MG35,4000,4000,P04,4010,280.0,BOX,49.94,CHF,13983.2,2025-02-07,2025-03-06,2025-03-07,460040655,NT30,Approved,BUYER04,BUYER04,1
4500383,00030,0000100040,Kingsley Materials SpA,MAT-100049,Modular coupling type 8 (Maintenance services),MG45,4000,4000,P04,4010,41.0,H,112.86,CHF,4627.26,2025-02-07,2025-03-06,2025-03-07,460040249,NT30,Approved,BUYER04,BUYER04,4
4500383,00040,0000100040,Kingsley Materials SpA,MAT-100252,Insulated connector type 37 (Electrical components),MG10,4000,4000,P04,4010,9.0,PC,331.84,CHF,2986.56,2025-02-07,2025-03-06,2025-03-07,,NT30,Approved,BUYER04,BUYER04,1
4500384,00010,0000100040,Kingsley Materials SpA,MAT-100112,Stainless clamp type 17 (Chemicals and lubricants),MG30,4000,4000,P02,4010,359.0,L,56.29,CHF,20208.11,2025-03-06,2025-04-06,2025-04-08,460040312,NT30,Approved,BUYER08,BUYER08,4
4500385,00010,0000100040,Kingsley Materials SpA,MAT-100112,Stainless clamp type 17 (Chemicals and lubricants),MG30,4000,4000,P05,4010,142.0,L,57.92,CHF,8224.64,2025-04-06,2025-05-07,2025-05-08,460040312,NT30,Approved,BUYER11,BUYER11,0
4500385,00020,0000100040,Kingsley Materials SpA,MAT-100231,Modular housing type 34 (Laboratory equipment),MG55,4000,4000,P05,4010,3.0,PC,1652.34,CHF,4957.02,2025-04-06,2025-05-07,2025-05-08,460040431,NT30,Approved,BUYER11,BUYER11,2
4500385,00030,0000100040,Kingsley Materials SpA,MAT-100280,Insulated terminal block type 1 (Chemicals and lubricants),MG30,4000,4000,P05,4010,37.0,KG,23.79,CHF,880.23,2025-04-06,2025-05-07,2025-05-08,460040480,NT30,Approved,BUYER11,BUYER11,3
4500386,00010,0000100040,Kingsley Materials SpA,MAT-100231,Modular housing type 34 (Laboratory equipment),MG55,4000,4000,P05,4010,9.0,PC,1633.64,CHF,14702.76,2025-05-08,2025-05-26,2025-05-26,460040431,NT30,Approved,BUYER07,BUYER07,0
4500387,00010,0000100040,Kingsley Materials SpA,MAT-100231,Modular housing type 34 (Laboratory equipment),MG55,4000,4000,P06,4010,12.0,PC,1654.48,CHF,19853.76,2025-06-12,2025-06-28,2025-06-26,460040431,NT30,Approved,BUYER08,BUYER08,2
4500387,00020,0000100040,Kingsley Materials SpA,MAT-100112,Stainless clamp type 17 (Chemicals and lubricants),MG30,4000,4000,P06,4010,142.0,L,56.86,CHF,8074.12,2025-06-12,2025-06-28,2025-06-26,460040312,NT30,Approved,BUYER08,BUYER08,4
4500388,00010,0000100040,Kingsley Materials SpA,MAT-100343,Low-friction filter type 10 (Mechanical parts),MG15,4000,4000,P02,4010,20.0,EA,97.6,CHF,1952.0,2025-07-06,2025-07-27,2025-07-30,460040543,NT30,Approved,BUYER09,BUYER09,4
4500388,00020,0000100040,Kingsley Materials SpA,MAT-100049,Modular coupling type 8 (Maintenance services),MG45,4000,4000,P02,4010,54.0,H,105.19,CHF,5680.26,2025-07-06,2025-07-27,2025-07-30,460040249,NT30,Approved,BUYER09,BUYER09,1
4500388,00030,0000100040,Kingsley Materials SpA,MAT-100252,Insulated connector type 37 (Electrical components),MG10,4000,4000,P02,4010,43.0,PC,309.14,CHF,13293.02,2025-07-06,2025-07-27,2025-07-30,,NT30,Approved,BUYER09,BUYER09,0
4500389,00010,0000100040,Kingsley Materials SpA,MAT-100252,Insulated connector type 37 (Electrical components),MG10,4000,4000,P04,4010,26.4,PC,317.25,CHF,8375.4,2025-07-29,2025-09-01,2025-09-02,,NT30,Approved,BUYER08,BUYER08,1
4500390,00010,0000100040,Kingsley Materials SpA,MAT-100343,Low-friction filter type 10 (Mechanical parts),MG15,4000,4000,P03,4010,26.0,EA,96.16,CHF,2500.16,2025-09-01,2025-10-07,2025-10-07,460040543,NT30,Approved,BUYER05,BUYER05,0
4500391,00010,0000100040,Kingsley Materials SpA,MAT-100112,Stainless clamp type 17 (Chemicals and lubricants),MG30,4000,4000,P01,4010,108.24,L,58.15,CHF,6294.16,2025-09-25,2025-11-06,2025-11-08,460040312,NT30,Open,BUYER07,BUYER07,0
4500391,00020,0000100040,Kingsley Materials SpA,MAT-100231,Modular housing type 34 (Laboratory equipment),MG55,4000,4000,P01,4010,1.0,PC,1632.57,CHF,1632.57,2025-09-25,2025-11-06,2025-11-08,460040431,NT30,Open,BUYER07,BUYER07,3
4500391,00030,0000100040,Kingsley Materials SpA,MAT-100343,Low-friction filter type 10 (Mechanical parts),MG15,4000,4000,P01,4010,5.28,EA,100.49,CHF,530.59,2025-09-25,2025-11-06,2025-11-08,460040543,NT30,Open,BUYER07,BUYER07,2
4500392,00010,0000100040,Kingsley Materials SpA,MAT-100252,Insulated connector type 37 (Electrical components),MG10,4000,4000,P02,4010,28.0,PC,312.39,CHF,8746.92,2025-10-22,2025-11-27,2025-11-26,,NT30,Approved,BUYER02,BUYER02,4
4500392,00020,0000100040,Kingsley Materials SpA,MAT-100343,Low-friction filter type 10 (Mechanical parts),MG15,4000,4000,P02,4010,27.0,EA,94.75,CHF,2558.25,2025-10-22,2025-11-27,2025-11-26,460040543,NT30,Approved,BUYER02,BUYER02,4
4500392,00030,0000100040,Kingsley Materials SpA,MAT-100455,Stainless connector type 26 (Office and facility supplies),MG35,4000,4000,P02,4010,192.0,BOX,48.56,CHF,9323.52,2025-10-22,2025-11-27,2025-11-26,460040655,NT30,Approved,BUYER02,BUYER02,4
4500393,00010,0000100040,Kingsley Materials SpA,MAT-100252,Insulated connector type 37 (Electrical components),MG10,4000,4000,P06,4010,6.0,PC,488.24,CHF,2929.44,2025-11-16,2025-12-23,2025-12-24,,NT30,Approved,BUYER03,BUYER03,0
4500394,00010,0000100041,Lakeshore Technologies Oy,MAT-100406,Reinforced bearing type 19 (Safety equipment),MG60,1000,1000,P06,1020,37.0,PC,109.67,EUR,4057.79,2025-01-15,2025-02-16,2025-02-14,460041606,NT60,Approved,BUYER07,BUYER07,4
4500394,00020,0000100041,Lakeshore Technologies Oy,MAT-100371,Modular filter type 14 (Office and facility supplies),MG35,1000,1000,P06,1020,259.0,PC,73.48,EUR,19031.32,2025-01-15,2025-02-16,2025-02-14,460041571,NT60,Approved,BUYER07,BUYER07,4
4500394,00030,0000100041,Lakeshore Technologies Oy,MAT-100112,Stainless clamp type 17 (Chemicals and lubricants),MG30,1000,1000,P06,1020,246.0,L,57.05,EUR,14034.3,2025-01-15,2025-02-16,2025-02-14,460041312,NT60,Approved,BUYER07,BUYER07,2
4500395,00010,0000100041,Lakeshore Technologies Oy,MAT-100371,Modular filter type 14 (Office and facility supplies),MG35,1000,1000,P04,1020,291.0,PC,70.48,EUR,20509.68,2025-02-24,2025-03-31,2025-03-30,460041571,NT60,Approved,BUYER09,BUYER09,4
4500395,00020,0000100041,Lakeshore Technologies Oy,MAT-100406,Reinforced bearing type 19 (Safety equipment),MG60,1000,1000,P04,1020,25.0,PC,111.06,EUR,2776.5,2025-02-24,2025-03-31,2025-03-30,460041606,NT60,Approved,BUYER09,BUYER09,2
4500395,00030,0000100041,Lakeshore Technologies Oy,MAT-100112,Stainless clamp type 17 (Chemicals and lubricants),MG30,1000,1000,P04,1020,64.0,L,57.92,EUR,3706.88,2025-02-24,2025-03-31,2025-03-30,460041312,NT60,Approved,BUYER09,BUYER09,4
4500396,00010,0000100041,Lakeshore Technologies Oy,MAT-100112,Stainless clamp type 17 (Chemicals and lubricants),MG30,1000,1000,P03,1010,246.0,L,61.39,EUR,15101.94,2025-04-05,2025-05-10,2025-05-13,460041312,NT60,Approved,BUYER11,BUYER11,2
4500396,00020,0000100041,Lakeshore Technologies Oy,MAT-100371,Modular filter type 14 (Office and facility supplies),MG35,1000,1000,P03,1010,276.0,PC,74.0,EUR,20424.0,2025-04-05,2025-05-10,2025-05-13,460041571,NT60,Approved,BUYER11,BUYER11,0
4500396,00030,0000100041,Lakeshore Technologies Oy,MAT-100406,Reinforced bearing type 19 (Safety equipment),MG60,1000,1000,P03,1010,6.0,PC,107.53,EUR,645.18,2025-04-05,2025-05-10,2025-05-13,460041606,NT60,Approved,BUYER11,BUYER11,3
4500397,00010,0000100041,Lakeshore Technologies Oy,MAT-100371,Modular filter type 14 (Office and facility supplies),MG35,1000,1000,P03,1020,93.0,PC,72.59,EUR,6750.87,2025-05-19,2025-06-06,2025-06-09,460041571,NT60,Approved,BUYER10,BUYER10,1
4500397,00020,0000100041,Lakeshore Technologies Oy,MAT-100406,Reinforced bearing type 19 (Safety equipment),MG60,1000,1000,P03,1020,41.0,PC,112.98,EUR,4632.18,2025-05-19,2025-06-06,2025-06-09,460041606,NT60,Approved,BUYER10,BUYER10,3
4500397,00030,0000100041,Lakeshore Technologies Oy,MAT-100112,Stainless clamp type 17 (Chemicals and lubricants),MG30,1000,1000,P03,1020,51.0,L,59.11,EUR,3014.61,2025-05-19,2025-06-06,2025-06-09,460041312,NT60,Approved,BUYER10,BUYER10,0
4500398,00010,0000100041,Lakeshore Technologies Oy,MAT-100371,Modular filter type 14 (Office and facility supplies),MG35,1000,1000,P02,1020,168.0,PC,69.88,EUR,11739.84,2025-06-16,2025-06-30,2025-06-25,460041571,NT60,Approved,BUYER09,BUYER09,1
4500398,00020,0000100041,Lakeshore Technologies Oy,MAT-100112,Stainless clamp type 17 (Chemicals and lubricants),MG30,1000,1000,P02,1020,164.0,L,61.06,EUR,10013.84,2025-06-16,2025-06-30,2025-06-25,460041312,NT60,Approved,BUYER09,BUYER09,0
4500398,00030,0000100041,Lakeshore Technologies Oy,MAT-100406,Reinforced bearing type 19 (Safety equipment),MG60,1000,1000,P02,1020,11.0,PC,110.98,EUR,1220.78,2025-06-16,2025-06-30,2025-06-25,460041606,NT60,Approved,BUYER09,BUYER09,3
4500399,00010,0000100041,Lakeshore Technologies Oy,MAT-100112,Stainless clamp type 17 (Chemicals and lubricants),MG30,1000,1000,P05,1010,382.0,L,60.41,EUR,23076.62,2025-07-21,2025-08-30,2025-09-02,460041312,NT007,Approved,BUYER01,BUYER01,4
4500399,00020,0000100041,Lakeshore Technologies Oy,MAT-100406,Reinforced bearing type 19 (Safety equipment),MG60,1000,1000,P05,1010,46.0,PC,107.79,EUR,4958.34,2025-07-21,2025-08-30,2025-09-02,460041606,NT60,Approved,BUYER01,BUYER01,1
4500399,00030,0000100041,Lakeshore Technologies Oy,MAT-100371,Modular filter type 14 (Office and facility supplies),MG35,1000,1000,P05,1010,58.0,PC,73.87,EUR,4284.46,2025-07-21,2025-08-30,2025-09-02,460041571,NT60,Approved,BUYER01,BUYER01,0
4500400,00010,0000100041,Lakeshore Technologies Oy,MAT-100371,Modular filter type 14 (Office and facility supplies),MG35,1000,1000,P03,1020,223.0,PC,71.06,EUR,15846.38,2025-09-02,2025-10-07,2025-10-09,460041571,NT60,Approved,BUYER08,BUYER08,4
4500400,00020,0000100041,Lakeshore Technologies Oy,MAT-100406,Reinforced bearing type 19 (Safety equipment),MG60,1000,1000,P03,1020,60.0,PC,109.0,EUR,6540.0,2025-09-02,2025-10-07,2025-10-09,460041606,NT60,Approved,BUYER08,BUYER08,0
4500401,00010,0000100041,Lakeshore Technologies Oy,MAT-100112,Stainless clamp type 17 (Chemicals and lubricants),MG30,1000,1000,P03,1010,214.0,L,58.48,EUR,12514.72,2025-10-05,2025-10-24,2025-10-20,460041312,NT60,Approved,BUYER07,BUYER07,2
4500401,00020,0000100041,Lakeshore Technologies Oy,MAT-100406,Reinforced bearing type 19 (Safety equipment),MG60,1000,1000,P03,1010,60.0,PC,109.78,EUR,6586.8,2025-10-05,2025-10-24,2025-10-20,,NT60,Approved,BUYER07,BUYER07,0
4500401,00030,0000100041,Lakeshore Technologies Oy,MAT-100371,Modular filter type 14 (Office and facility supplies),MG35,1000,1000,P03,1010,216.0,PC,74.14,EUR,16014.24,2025-10-05,2025-10-24,2025-10-20,460041571,NT60,Approved,BUYER07,BUYER07,1
4500402,00010,0000100041,Lakeshore Technologies Oy,MAT-100406,Reinforced bearing type 19 (Safety equipment),MG60,1000,1000,P01,1010,29.0,PC,109.22,EUR,3167.38,2025-11-01,2025-12-14,2025-12-11,460041606,NT60,Open,BUYER07,BUYER07,1
4500403,00010,0000100042,Milbrook Logistics AS,MAT-100420,Industrial pulley type 21 (Electrical components),MG10,2000,2000,P06,2020,32.0,PC,472.1,USD,15107.2,2025-01-24,2025-02-25,2025-02-21,,NT30,Approved,BUYER09,BUYER09,4
4500403,00020,0000100042,Milbrook Logistics AS,MAT-100294,High-temperature filter type 3 (IT hardware),MG40,2000,2000,P06,2020,10.0,PC,1116.92,USD,11169.2,2025-01-24,2025-02-25,2025-02-21,,NT30,Approved,BUYER09,BUYER09,2
4500403,00030,0000100042,Milbrook Logistics AS,MAT-100126,Compact adapter type 19 (IT hardware),MG40,2000,2000,P06,2020,11.0,PC,1507.06,USD,16577.66,2025-01-24,2025-02-25,2025-02-21,,NT30,Approved,BUYER09,BUYER09,1
4500403,00040,0000100042,Milbrook Logistics AS,MAT-100273,Insulated gasket type 40 (Packaging materials),MG25,2000,2000,P06,2020,205.0,CAR,2.56,USD,524.8,2025-01-24,2025-02-25,2025-02-21,460042473,NT30,Approved,BUYER09,BUYER09,3
4500404,00010,0000100042,Milbrook Logistics AS,MAT-100420,Industrial pulley type 21 (Electrical components),MG10,2000,2000,P04,2010,9.0,PC,459.18,USD,4132.62,2025-02-25,2025-03-25,2025-03-20,,NT30,Approved,BUYER04,BUYER04,0
4500404,00020,0000100042,Milbrook Logistics AS,MAT-100294,High-temperature filter type 3 (IT hardware),MG40,2000,2000,P04,2010,3.0,PC,1183.55,USD,3550.65,2025-02-25,2025-03-25,2025-03-20,,NT30,Approved,BUYER04,BUYER04,2
4500404,00030,0000100042,Milbrook Logistics AS,MAT-100532,Compact control unit type 37 (Chemicals and lubricants),MG30,2000,2000,P04,2010,143.0,KG,41.37,USD,5915.91,2025-02-25,2025-03-25,2025-04-06,460042732,NT30,Approved,BUYER04,BUYER04,3
4500404,00040,0000100042,Milbrook Logistics AS,MAT-100231,Modular housing type 34 (Laboratory equipment),MG55,2000,2000,P04,2010,5.0,PC,1892.99,USD,9464.95,2025-02-25,2025-03-25,2025-03-20,460042431,NT30,Approved,BUYER04,BUYER04,1
4500405,00010,0000100042,Milbrook Logistics AS,MAT-100532,Compact control unit type 37 (Chemicals and lubricants),MG30,2000,2000,P05,2010,292.0,KG,38.79,USD,11326.68,2025-04-03,2025-04-29,2025-04-26,460042732,NT30,Approved,BUYER02,BUYER02,0
4500406,00010,0000100042,Milbrook Logistics AS,MAT-100294,High-temperature filter type 3 (IT hardware),MG40,2000,2000,P06,2020,7.0,PC,1120.86,USD,7846.02,2025-05-03,2025-05-22,2025-05-17,,NT30,Approved,BUYER09,BUYER09,0
4500407,00010,0000100042,Milbrook Logistics AS,MAT-100231,Modular housing type 34 (Laboratory equipment),MG55,2000,2000,P02,2020,8.0,PC,1910.38,USD,15283.04,2025-06-05,2025-07-05,2025-07-06,460042431,NT30,Approved,BUYER04,BUYER04,2
4500407,00020,0000100042,Milbrook Logistics AS,MAT-100420,Industrial pulley type 21 (Electrical components),MG10,2000,2000,P02,2020,32.37,PC,503.64,USD,16302.83,2025-06-05,2025-07-05,2025-07-06,,NT30,Approved,BUYER04,BUYER04,2
4500407,00030,0000100042,Milbrook Logistics AS,MAT-100126,Compact adapter type 19 (IT hardware),MG40,2000,2000,P02,2020,6.0,PC,1450.5,USD,8703.0,2025-06-05,2025-07-05,2025-07-06,,NT30,Approved,BUYER04,BUYER04,1
4500408,00010,0000100042,Milbrook Logistics AS,MAT-100231,Modular housing type 34 (Laboratory equipment),MG55,2000,2000,P03,2020,7.0,PC,2014.19,USD,14099.33,2025-07-10,2025-08-02,2025-07-31,460042431,NT30,Approved,BUYER06,BUYER06,2
4500408,00020,0000100042,Milbrook Logistics AS,MAT-100532,Compact control unit type 37 (Chemicals and lubricants),MG30,2000,2000,P03,2020,123.0,KG,38.64,USD,4752.72,2025-07-10,2025-08-02,2025-07-31,460042732,NT30,Approved,BUYER06,BUYER06,4
4500409,00010,0000100042,Milbrook Logistics AS,MAT-100294,High-temperature filter type 3 (IT hardware),MG40,2000,2000,P04,2010,10.0,PC,1201.72,USD,12017.2,2025-08-05,2025-09-11,2025-09-11,,NT30,Approved,BUYER09,BUYER09,2
4500409,00020,0000100042,Milbrook Logistics AS,MAT-100420,Industrial pulley type 21 (Electrical components),MG10,2000,2000,P04,2010,5.0,PC,495.87,USD,2479.35,2025-08-05,2025-09-11,2025-09-11,,NT30,Approved,BUYER09,BUYER09,1
4500409,00030,0000100042,Milbrook Logistics AS,MAT-100126,Compact adapter type 19 (IT hardware),MG40,2000,2000,P04,2010,3.0,PC,1396.65,USD,4189.95,2025-08-05,2025-09-11,2025-09-11,,NT30,Approved,BUYER09,BUYER09,2
4500410,00010,0000100042,Milbrook Logistics AS,MAT-100294,High-temperature filter type 3 (IT hardware),MG40,2000,2000,P01,2010,3.0,PC,1136.02,USD,3408.06,2025-09-03,2025-09-13,2025-09-14,,NT30,Approved,BUYER09,BUYER09,2
4500410,00020,0000100042,Milbrook Logistics AS,MAT-100420,Industrial pulley type 21 (Electrical components),MG10,2000,2000,P01,2010,17.0,PC,501.06,USD,8518.02,2025-09-03,2025-09-13,2025-09-14,,NT30,Approved,BUYER09,BUYER09,3
4500410,00030,0000100042,Milbrook Logistics AS,MAT-100273,Insulated gasket type 40 (Packaging materials),MG25,2000,2000,P01,2010,329.0,CAR,2.64,USD,868.56,2025-09-03,2025-09-13,2025-09-14,460042473,NT30,Approved,BUYER09,BUYER09,4
4500410,00040,0000100042,Milbrook Logistics AS,MAT-100126,Compact adapter type 19 (IT hardware),MG40,2000,2000,P01,2010,9.0,PC,1455.91,USD,13103.19,2025-09-03,2025-09-13,2025-09-14,,NT30,Approved,BUYER09,BUYER09,1
4500411,00010,0000100042,Milbrook Logistics AS,MAT-100420,Industrial pulley type 21 (Electrical components),MG10,2000,2000,P01,2010,35.21,PC,463.06,USD,16304.34,2025-09-23,2025-10-20,2025-10-16,,NT30,Approved,BUYER04,BUYER04,4
4500411,00020,0000100042,Milbrook Logistics AS,MAT-100231,Modular housing type 34 (Laboratory equipment),MG55,2000,2000,P01,2010,8.0,PC,2020.0,USD,16160.0,2025-09-23,2025-10-20,2025-10-16,460042431,NT30,Approved,BUYER04,BUYER04,1
4500412,00010,0000100042,Milbrook Logistics AS,MAT-100231,Modular housing type 34 (Laboratory equipment),MG55,2000,2000,P03,2020,9.0,PC,1901.37,USD,17112.33,2025-10-27,2025-11-27,2025-11-23,460042431,NT30,Approved,BUYER12,BUYER12,4
4500412,00020,0000100042,Milbrook Logistics AS,MAT-100273,Insulated gasket type 40 (Packaging materials),MG25,2000,2000,P03,2020,217.0,CAR,2.75,USD,596.75,2025-10-27,2025-11-27,2025-11-23,460042473,NT30,Approved,BUYER12,BUYER12,3
4500412,00030,0000100042,Milbrook Logistics AS,MAT-100532,Compact control unit type 37 (Chemicals and lubricants),MG30,2000,2000,P03,2020,194.0,KG,38.08,USD,7387.52,2025-10-27,2025-11-27,2025-11-23,460042732,NT30,Approved,BUYER12,BUYER12,2
4500412,00040,0000100042,Milbrook Logistics AS,MAT-100294,High-temperature filter type 3 (IT hardware),MG40,2000,2000,P03,2020,11.0,PC,1178.37,USD,12962.07,2025-10-27,2025-11-27,2025-12-22,,NT30,Approved,BUYER12,BUYER12,4
4500413,00010,0000100042,Milbrook Logistics AS,MAT-100231,Modular housing type 34 (Laboratory equipment),MG55,2000,2000,P06,2020,9.0,PC,1950.87,USD,17557.83,2025-11-30,2025-12-15,2025-12-13,460042431,NT30,Approved,BUYER03,BUYER03,2
4500414,00010,0000100043,Norwood Engineering Sp. z o.o.,MAT-100483,Insulated coupling type 30 (Laboratory equipment),MG55,3000,3000,P05,3010,11.0,EA,2244.35,GBP,24687.85,2025-01-23,2025-02-14,2025-02-13,460043683,NT30,Approved,BUYER11,BUYER11,1
4500415,00010,0000100043,Norwood Engineering Sp. z o.o.,MAT-100483,Insulated coupling type 30 (Laboratory equipment),MG55,3000,3000,P02,3010,10.0,EA,2163.78,GBP,21637.8,2025-02-17,2025-04-03,2025-04-06,460043683,NT30,Approved,BUYER02,BUYER02,1
4500415,00020,0000100043,Norwood Engineering Sp. z o.o.,MAT-100560,Heavy-duty cartridge type 1 (Logistics and freight),MG50,3000,3000,P02,3010,11.0,EA,704.22,GBP,7746.42,2025-02-17,2025-04-03,2025-04-06,460043760,NT30,Approved,BUYER02,BUYER02,2
4500416,00010,0000100043,Norwood Engineering Sp. z o.o.,MAT-100483,Insulated coupling type 30 (Laboratory equipment),MG55,3000,3000,P03,3010,9.0,EA,2279.8,GBP,20518.2,2025-03-23,2025-04-11,2025-04-08,460043683,NT30,Approved,BUYER02,BUYER02,4
4500416,00020,0000100043,Norwood Engineering Sp. z o.o.,MAT-100560,Heavy-duty cartridge type 1 (Logistics and freight),MG50,3000,3000,P03,3010,11.0,EA,666.34,GBP,7329.74,2025-03-23,2025-04-11,2025-04-08,460043760,NT30,Approved,BUYER02,BUYER02,4
4500417,00010,0000100043,Norwood Engineering Sp. z o.o.,MAT-100483,Insulated coupling type 30 (Laboratory equipment),MG55,3000,3000,P04,3010,1.0,EA,2163.18,GBP,2163.18,2025-04-12,2025-05-08,2025-05-03,460043683,NT30,Approved,BUYER09,BUYER09,4
4500417,00020,0000100043,Norwood Engineering Sp. z o.o.,MAT-100560,Heavy-duty cartridge type 1 (Logistics and freight),MG50,3000,3000,P04,3010,10.0,EA,705.4,GBP,7054.0,2025-04-12,2025-05-08,2025-05-03,460043760,NT30,Approved,BUYER09,BUYER09,1
4500418,00010,0000100043,Norwood Engineering Sp. z o.o.,MAT-100483,Insulated coupling type 30 (Laboratory equipment),MG55,3000,3000,P01,3010,11.0,EA,2218.56,GBP,24404.16,2025-05-08,2025-06-19,2025-05-01,460043683,NT30,Approved,BUYER12,BUYER12,0
4500419,00010,0000100043,Norwood Engineering Sp. z o.o.,MAT-100560,Heavy-duty cartridge type 1 (Logistics and freight),MG50,3000,3000,P06,3010,11.0,EA,667.22,GBP,7339.42,2025-06-11,2025-06-24,2025-06-25,460043760,NT30,Approved,BUYER04,BUYER04,1
4500419,00020,0000100043,Norwood Engineering Sp. z o.o.,MAT-100483,Insulated coupling type 30 (Laboratory equipment),MG55,3000,3000,P06,3010,7.0,EA,2229.16,GBP,15604.12,2025-06-11,2025-06-24,2025-06-25,460043683,NT30,Approved,BUYER04,BUYER04,1
4500420,00010,0000100043,Norwood Engineering Sp. z o.o.,MAT-100483,Insulated coupling type 30 (Laboratory equipment),MG55,3000,3000,P01,3010,3.0,EA,2224.43,GBP,6673.29,2025-07-11,2025-07-28,2025-07-29,460043683,NT30,Approved,BUYER11,BUYER11,0
4500421,00010,0000100043,Norwood Engineering Sp. z o.o.,MAT-100483,Insulated coupling type 30 (Laboratory equipment),MG55,3000,3000,P01,3010,12.0,EA,2242.01,GBP,26904.12,2025-08-12,2025-09-22,2025-09-18,460043683,NT30,Approved,BUYER01,BUYER01,0
4500421,00020,0000100043,Norwood Engineering Sp. z o.o.,MAT-100560,Heavy-duty cartridge type 1 (Logistics and freight),MG50,3000,3000,P01,3010,8.0,EA,697.47,GBP,5579.76,2025-08-12,2025-09-22,2025-09-18,460043760,NT30,Approved,BUYER01,BUYER01,3
4500422,00010,0000100043,Norwood Engineering Sp. z o.o.,MAT-100483,Insulated coupling type 30 (Laboratory equipment),MG55,3000,3000,P03,3010,6.0,EA,2193.87,GBP,13163.22,2025-09-16,2025-10-11,2025-10-08,460043683,NT30,Approved,BUYER12,BUYER12,2
4500422,00020,0000100043,Norwood Engineering Sp. z o.o.,MAT-100560,Heavy-duty cartridge type 1 (Logistics and freight),MG50,3000,3000,P03,3010,10.0,EA,680.63,GBP,6806.3,2025-09-16,2025-10-11,2025-10-08,460043760,NT30,Approved,BUYER12,BUYER12,4
4500423,00010,0000100043,Norwood Engineering Sp. z o.o.,MAT-100483,Insulated coupling type 30 (Laboratory equipment),MG55,3000,3000,P03,3010,8.0,EA,2223.0,GBP,17784.0,2025-10-12,2025-11-03,2025-10-30,460043683,NT30,Approved,BUYER05,BUYER05,3
4500423,00020,0000100043,Norwood Engineering Sp. z o.o.,MAT-100560,Heavy-duty cartridge type 1 (Logistics and freight),MG50,3000,3000,P03,3010,10.0,EA,708.12,GBP,7081.2,2025-10-12,2025-11-03,2025-10-30,460043760,NT30,Approved,BUYER05,BUYER05,4
4500424,00010,0000100043,Norwood Engineering Sp. z o.o.,MAT-100483,Insulated coupling type 30 (Laboratory equipment),MG55,3000,3000,P03,3010,9.0,EA,2218.74,GBP,19968.66,2025-11-04,2025-12-13,2025-12-15,460043683,NT30,Approved,BUYER08,BUYER08,2
4500424,00020,0000100043,Norwood Engineering Sp. z o.o.,MAT-100560,Heavy-duty cartridge type 1 (Logistics and freight),MG50,3000,3000,P03,3010,4.0,EA,713.56,GBP,2854.24,2025-11-04,2025-12-13,2025-12-15,460043760,NT30,Approved,BUYER08,BUYER08,4
4500425,00010,0000100043,Norwood Engineering Sp. z o.o.,MAT-100483,Insulated coupling type 30 (Laboratory equipment),MG55,3000,3000,P04,3010,9.0,EA,2357.23,GBP,21215.07,2025-12-06,2025-12-17,2025-12-15,460043683,NT30,Approved,BUYER10,BUYER10,0
4500425,00020,0000100043,Norwood Engineering Sp. z o.o.,MAT-100560,Heavy-duty cartridge type 1 (Logistics and freight),MG50,3000,3000,P04,3010,4.0,EA,1059.71,GBP,4238.84,2025-12-06,2025-12-17,2025-12-15,460043760,NT30,Approved,BUYER10,BUYER10,3
4500426,00010,0000100044,Oakfield Components SA,MAT-100175,Industrial connector type 26 (Mechanical parts),MG15,4000,4000,P04,4010,14.0,PC,249.77,CHF,3496.78,2025-01-23,2025-02-13,2025-02-15,,Z060,Approved,BUYER01,BUYER01,1
4500427,00010,0000100044,Oakfield Components SA,MAT-100378,Precision pulley type 15 (IT hardware),MG40,4000,4000,P01,4010,7.07,EA,2020.22,CHF,14282.96,2025-02-26,2025-03-31,2025-03-29,,Z060,Approved,BUYER03,BUYER03,3
4500427,00020,0000100044,Oakfield Components SA,MAT-100259,Stainless bracket type 38 (Mechanical parts),MG15,4000,4000,P01,4010,59.0,PC,371.24,CHF,21903.16,2025-02-26,2025-03-31,2025-03-29,460044459,Z060,Approved,BUYER03,BUYER03,4
4500427,00030,0000100044,Oakfield Components SA,MAT-100175,Industrial connector type 26 (Mechanical parts),MG15,4000,4000,P01,4010,22.0,PC,246.93,CHF,5432.46,2025-02-26,2025-03-31,2025-03-29,460044375,Z060,Approved,BUYER03,BUYER03,2
4500428,00010,0000100044,Oakfield Components SA,MAT-100259,Stainless bracket type 38 (Mechanical parts),MG15,4000,4000,P06,4010,57.0,PC,358.72,CHF,20447.04,2025-04-17,2025-05-18,2025-05-21,460044459,Z060,Approved,BUYER10,BUYER10,1
4500429,00010,0000100044,Oakfield Components SA,MAT-100259,Stainless bracket type 38 (Mechanical parts),MG15,4000,4000,P01,4010,5.0,PC,365.87,CHF,1829.35,2025-06-09,2025-06-27,2025-06-30,460044459,Z060,Approved,BUYER01,BUYER01,3
4500429,00020,0000100044,Oakfield Components SA,MAT-100378,Precision pulley type 15 (IT hardware),MG40,4000,4000,P01,4010,2.0,EA,1911.79,CHF,3823.58,2025-06-09,2025-06-27,2025-06-30,,Z060,Approved,BUYER01,BUYER01,1
4500430,00010,0000100044,Oakfield Components SA,MAT-100259,Stainless bracket type 38 (Mechanical parts),MG15,4000,4000,P01,4010,16.0,PC,372.93,CHF,5966.88,2025-07-30,2025-08-12,2025-08-09,460044459,Z060,Approved,BUYER03,BUYER03,3
4500431,00010,0000100044,Oakfield Components SA,MAT-100259,Stainless bracket type 38 (Mechanical parts),MG15,4000,4000,P05,4010,40.0,PC,380.53,CHF,15221.2,2025-09-02,2025-10-01,2025-09-30,460044459,Z060,Approved,BUYER01,BUYER01,4
4500431,00020,0000100044,Oakfield Components SA,MAT-100378,Precision pulley type 15 (IT hardware),MG40,4000,4000,P05,4010,9.0,EA,1935.01,CHF,17415.09,2025-09-02,2025-10-01,2025-09-30,,Z060,Approved,BUYER01,BUYER01,1
4500431,00030,0000100044,Oakfield Components SA,MAT-100175,Industrial connector type 26 (Mechanical parts),MG15,4000,4000,P05,4010,18.0,PC,249.65,CHF,4493.7,2025-09-02,2025-10-01,2025-09-30,460044375,Z060,Approved,BUYER01,BUYER01,4
4500432,00010,0000100044,Oakfield Components SA,MAT-100259,Stainless bracket type 38 (Mechanical parts),MG15,4000,4000,P05,4010,37.0,PC,387.22,CHF,14327.14,2025-10-18,2025-11-27,2025-11-30,460044459,Z060,Approved,BUYER01,BUYER01,4
4500433,00010,0000100044,Oakfield Components SA,MAT-100175,Industrial connector type 26 (Mechanical parts),MG15,4000,4000,P02,4010,8.0,PC,237.18,CHF,1897.44,2025-11-25,2025-12-19,2025-12-18,460044375,Z060,Open,BUYER07,BUYER07,2
4500434,00010,0000100045,Pemberton Logistics AS,MAT-100280,Insulated terminal block type 1 (Chemicals and lubricants),MG30,1000,1000,P06,1010,326.0,KG,26.35,EUR,8590.1,2025-01-21,2025-02-09,2025-02-06,460045480,Z045,Approved,BUYER04,BUYER04,3
4500434,00020,0000100045,Pemberton Logistics AS,MAT-100588,Stainless cartridge type 5 (Electrical components),MG10,1000,1000,P06,1010,38.26,PC,392.04,EUR,14999.45,2025-01-21,2025-02-09,2025-02-06,,Z045,Approved,BUYER04,BUYER04,3
4500435,00010,0000100045,Pemberton Logistics AS,MAT-100588,Stainless cartridge type 5 (Electrical components),MG10,1000,1000,P06,1020,48.0,PC,372.28,EUR,17869.44,2025-02-18,2025-03-20,2025-03-18,,Z045,Approved,BUYER03,BUYER03,0
4500436,00010,0000100045,Pemberton Logistics AS,MAT-100385,Compact gasket type 16 (Maintenance services),MG45,1000,1000,P03,1020,10.0,EA,143.82,EUR,1438.2,2025-03-30,2025-04-15,2025-04-11,460045585,Z045,Approved,BUYER09,BUYER09,3
4500436,00020,0000100045,Pemberton Logistics AS,MAT-100427,Insulated connector type 22 (Mechanical parts),MG15,1000,1000,P03,1020,41.0,EA,339.74,EUR,13929.34,2025-03-30,2025-04-15,2025-04-11,460045627,Z045,Approved,BUYER09,BUYER09,2
4500436,00030,0000100045,Pemberton Logistics AS,MAT-100588,Stainless cartridge type 5 (Electrical components),MG10,1000,1000,P03,1020,30.0,PC,379.87,EUR,11396.1,2025-03-30,2025-04-15,2025-04-11,,Z045,Approved,BUYER09,BUYER09,3
4500437,00010,0000100045,Pemberton Logistics AS,MAT-100427,Insulated connector type 22 (Mechanical parts),MG15,1000,1000,P01,1010,5.0,EA,364.56,EUR,1822.8,2025-05-10,2025-06-18,2025-06-14,460045627,Z045,Approved,BUYER05,BUYER05,4
4500437,00020,0000100045,Pemberton Logistics AS,MAT-100588,Stainless cartridge type 5 (Electrical components),MG10,1000,1000,P01,1010,50.0,PC,391.84,EUR,19592.0,2025-05-10,2025-06-18,2025-06-14,,Z045,Approved,BUYER05,BUYER05,4
4500437,00030,0000100045,Pemberton Logistics AS,MAT-100280,Insulated terminal block type 1 (Chemicals and lubricants),MG30,1000,1000,P01,1010,57.0,KG,26.16,EUR,1491.12,2025-05-10,2025-06-18,2025-06-14,460045480,Z045,Approved,BUYER05,BUYER05,4
4500437,00040,0000100045,Pemberton Logistics AS,MAT-100385,Compact gasket type 16 (Maintenance services),MG45,1000,1000,P01,1010,24.0,EA,139.06,EUR,3337.44,2025-05-10,2025-06-18,2025-06-14,460045585,Z045,Approved,BUYER05,BUYER05,0
4500438,00010,0000100045,Pemberton Logistics AS,MAT-100385,Compact gasket type 16 (Maintenance services),MG45,1000,1000,P06,1010,25.0,EA,140.0,EUR,3500.0,2025-06-09,2025-07-17,2025-07-13,460045585,Z045,Approved,BUYER06,BUYER06,3
4500438,00020,0000100045,Pemberton Logistics AS,MAT-100280,Insulated terminal block type 1 (Chemicals and lubricants),MG30,1000,1000,P06,1010,161.0,KG,24.45,EUR,3936.45,2025-06-09,2025-07-17,2025-07-13,460045480,Z045,Approved,BUYER06,BUYER06,1
4500438,00030,0000100045,Pemberton Logistics AS,MAT-100427,Insulated connector type 22 (Mechanical parts),MG15,1000,1000,P06,1010,14.0,EA,359.37,EUR,5031.18,2025-06-09,2025-07-17,2025-07-13,460045627,Z045,Approved,BUYER06,BUYER06,1
4500439,00010,0000100045,Pemberton Logistics AS,MAT-100280,Insulated terminal block type 1 (Chemicals and lubricants),MG30,1000,1000,P01,1010,51.0,KG,26.43,EUR,1347.93,2025-07-08,2025-07-23,2025-07-18,460045480,Z045,Approved,BUYER05,BUYER05,2
4500439,00020,0000100045,Pemberton Logistics AS,MAT-100385,Compact gasket type 16 (Maintenance services),MG45,1000,1000,P01,1010,39.0,EA,151.14,EUR,5894.46,2025-07-08,2025-07-23,2025-07-18,460045585,Z045,Approved,BUYER05,BUYER05,1
4500440,00010,0000100045,Pemberton Logistics AS,MAT-100427,Insulated connector type 22 (Mechanical parts),MG15,1000,1000,P05,1010,40.0,EA,568.01,EUR,22720.4,2025-08-17,2025-09-07,2025-09-07,460045627,Z045,Approved,BUYER10,BUYER10,3
4500441,00010,0000100045,Pemberton Logistics AS,MAT-100280,Insulated terminal block type 1 (Chemicals and lubricants),MG30,1000,1000,P06,1010,156.0,KG,25.42,EUR,3965.52,2025-10-02,2025-10-17,2025-10-16,460045480,Z045,Open,BUYER11,BUYER11,4
4500441,00020,0000100045,Pemberton Logistics AS,MAT-100385,Compact gasket type 16 (Maintenance services),MG45,1000,1000,P06,1010,12.0,EA,138.74,EUR,1664.88,2025-10-02,2025-10-17,2025-10-16,460045585,Z045,Open,BUYER11,BUYER11,2
4500442,00010,0000100045,Pemberton Logistics AS,MAT-100385,Compact gasket type 16 (Maintenance services),MG45,1000,1000,P06,1020,14.0,EA,152.11,EUR,2129.54,2025-11-20,2025-12-14,2025-12-10,460045585,Z045,Approved,BUYER05,BUYER05,0
4500443,00010,0000100046,Ridgeway Materials SpA,MAT-100217,Compact connector type 32 (Maintenance services),MG45,2000,2000,P06,2010,30.0,EA,117.2,USD,3516.0,2025-01-09,2025-02-22,2025-02-25,460046417,Z030,Approved,BUYER09,BUYER09,4
4500443,00020,0000100046,Ridgeway Materials SpA,MAT-100105,Precision relay type 16 (Packaging materials),MG25,2000,2000,P06,2010,66.0,CAR,11.67,USD,770.22,2025-01-09,2025-02-22,2025-02-25,460046305,Z030,Approved,BUYER09,BUYER09,3
4500444,00010,0000100046,Ridgeway Materials SpA,MAT-100217,Compact connector type 32 (Maintenance services),MG45,2000,2000,P01,2020,19.0,EA,119.31,USD,2266.89,2025-02-03,2025-03-13,2025-03-08,460046417,Z030,Approved,BUYER01,BUYER01,1
4500444,00020,0000100046,Ridgeway Materials SpA,MAT-100021,Heavy-duty membrane type 4 (Packaging materials),MG25,2000,2000,P01,2020,325.0,PC,0.89,USD,289.25,2025-02-03,2025-03-13,2025-03-08,460046221,Z030,Approved,BUYER01,BUYER01,3
4500444,00030,0000100046,Ridgeway Materials SpA,MAT-100336,High-temperature pulley type 9 (Electrical components),MG10,2000,2000,P01,2020,15.0,EA,834.68,USD,12520.2,2025-02-03,2025-03-13,2025-03-08,,Z030,Approved,BUYER01,BUYER01,3
4500444,00040,0000100046,Ridgeway Materials SpA,MAT-100532,Compact control unit type 37 (Chemicals and lubricants),MG30,2000,2000,P01,2020,211.0,KG,39.9,USD,8418.9,2025-02-03,2025-03-13,2025-03-08,460046732,Z030,Approved,BUYER01,BUYER01,3
4500445,00010,0000100046,Ridgeway Materials SpA,MAT-100532,Compact control unit type 37 (Chemicals and lubricants),MG30,2000,2000,P01,2010,279.0,KG,41.61,USD,11609.19,2025-02-25,2025-04-10,2025-04-06,460046732,Z030,Approved,BUYER08,BUYER08,4
4500445,00020,0000100046,Ridgeway Materials SpA,MAT-100294,High-temperature filter type 3 (IT hardware),MG40,2000,2000,P01,2010,2.0,PC,1158.11,USD,2316.22,2025-02-25,2025-04-10,2025-04-06,,Z030,Approved,BUYER08,BUYER08,2
4500445,00030,0000100046,Ridgeway Materials SpA,MAT-100511,Reinforced bracket type 34 (Mechanical parts),MG15,2000,2000,P01,2010,21.0,PC,259.51,USD,5449.71,2025-02-25,2025-04-10,2025-04-06,460046711,Z030,Approved,BUYER08,BUYER08,2
4500446,00010,0000100046,Ridgeway Materials SpA,MAT-100532,Compact control unit type 37 (Chemicals and lubricants),MG30,2000,2000,P01,2020,102.0,KG,39.27,USD,4005.54,2025-04-02,2025-05-16,2025-05-14,460046732,Z030,Approved,BUYER11,BUYER11,1
4500446,00020,0000100046,Ridgeway Materials SpA,MAT-100294,High-temperature filter type 3 (IT hardware),MG40,2000,2000,P01,2020,3.0,PC,1188.22,USD,3564.66,2025-04-02,2025-05-16,2025-05-14,,Z030,Approved,BUYER11,BUYER11,1
4500446,00030,0000100046,Ridgeway Materials SpA,MAT-100336,High-temperature pulley type 9 (Electrical components),MG10,2000,2000,P01,2020,31.18,EA,522.86,USD,16302.77,2025-04-02,2025-05-16,2025-05-14,,Z030,Approved,BUYER11,BUYER11,3
4500447,00010,0000100046,Ridgeway Materials SpA,MAT-100105,Precision relay type 16 (Packaging materials),MG25,2000,2000,P02,2010,252.0,CAR,11.38,USD,2867.76,2025-04-27,2025-05-18,2025-05-16,460046305,Z030,Approved,BUYER02,BUYER02,3
4500448,00010,0000100046,Ridgeway Materials SpA,MAT-100336,High-temperature pulley type 9 (Electrical components),MG10,2000,2000,P04,2020,31.25,EA,521.7,USD,16303.13,2025-05-28,2025-07-10,2025-07-05,,Z030,Approved,BUYER11,BUYER11,3
4500448,00020,0000100046,Ridgeway Materials SpA,MAT-100105,Precision relay type 16 (Packaging materials),MG25,2000,2000,P04,2020,81.0,CAR,11.49,USD,930.69,2025-05-28,2025-07-10,2025-07-05,460046305,Z030,Approved,BUYER11,BUYER11,0
4500449,00010,0000100046,Ridgeway Materials SpA,MAT-100217,Compact connector type 32 (Maintenance services),MG45,2000,2000,P01,2020,25.0,EA,114.47,USD,2861.75,2025-06-18,2025-07-11,2025-07-06,460046417,Z030,Approved,BUYER05,BUYER05,4
4500449,00020,0000100046,Ridgeway Materials SpA,MAT-100140,Stainless clamp type 21 (Logistics and freight),MG50,2000,2000,P01,2020,57.0,H,414.21,USD,23609.97,2025-06-18,2025-07-11,2025-07-06,460046340,Z030,Approved,BUYER05,BUYER05,0
4500449,00030,0000100046,Ridgeway Materials SpA,MAT-100021,Heavy-duty membrane type 4 (Packaging materials),MG25,2000,2000,P01,2020,159.0,PC,0.88,USD,139.92,2025-06-18,2025-07-11,2025-07-06,460046221,Z030,Approved,BUYER05,BUYER05,0
4500449,00040,0000100046,Ridgeway Materials SpA,MAT-100294,High-temperature filter type 3 (IT hardware),MG40,2000,2000,P01,2020,10.0,PC,1203.19,USD,12031.9,2025-06-18,2025-07-11,2025-07-06,,Z030,Approved,BUYER05,BUYER05,3
4500450,00010,0000100046,Ridgeway Materials SpA,MAT-100105,Precision relay type 16 (Packaging materials),MG25,2000,2000,P03,2010,112.0,CAR,10.88,USD,1218.56,2025-07-18,2025-08-19,2025-08-21,460046305,Z030,Approved,BUYER09,BUYER09,2
4500450,00020,0000100046,Ridgeway Materials SpA,MAT-100336,High-temperature pulley type 9 (Electrical components),MG10,2000,2000,P03,2010,32.34,EA,504.22,USD,16306.47,2025-07-18,2025-08-19,2025-08-21,,Z030,Approved,BUYER09,BUYER09,0
4500450,00030,0000100046,Ridgeway Materials SpA,MAT-100217,Compact connector type 32 (Maintenance services),MG45,2000,2000,P03,2010,28.0,EA,120.44,USD,3372.32,2025-07-18,2025-08-19,2025-08-21,460046417,Z030,Approved,BUYER09,BUYER09,3
4500450,00040,0000100046,Ridgeway Materials SpA,MAT-100532,Compact control unit type 37 (Chemicals and lubricants),MG30,2000,2000,P03,2010,376.0,KG,38.27,USD,14389.52,2025-07-18,2025-08-19,2025-08-21,460046732,Z030,Approved,BUYER09,BUYER09,3
4500451,00010,0000100046,Ridgeway Materials SpA,MAT-100336,High-temperature pulley type 9 (Electrical components),MG10,2000,2000,P04,2020,35.0,EA,502.65,USD,17592.75,2025-08-16,2025-08-26,2025-08-21,,Z030,Approved,BUYER09,BUYER09,2
4500451,00020,0000100046,Ridgeway Materials SpA,MAT-100140,Stainless clamp type 21 (Logistics and freight),MG50,2000,2000,P04,2020,25.0,H,414.54,USD,10363.5,2025-08-16,2025-08-26,2025-08-21,460046340,Z030,Approved,BUYER09,BUYER09,4
4500451,00030,0000100046,Ridgeway Materials SpA,MAT-100105,Precision relay type 16 (Packaging materials),MG25,2000,2000,P04,2020,159.0,CAR,11.59,USD,1842.81,2025-08-16,2025-08-26,2025-08-21,460046305,Z030,Approved,BUYER09,BUYER09,3
4500451,00040,0000100046,Ridgeway Materials SpA,MAT-100217,Compact connector type 32 (Maintenance services),MG45,2000,2000,P04,2020,46.0,EA,111.44,USD,5126.24,2025-08-16,2025-08-26,2025-08-21,460046417,Z030,Approved,BUYER09,BUYER09,4
4500452,00010,0000100046,Ridgeway Materials SpA,MAT-100336,High-temperature pulley type 9 (Electrical components),MG10,2000,2000,P04,2020,28.0,EA,521.02,USD,14588.56,2025-09-08,2025-10-14,2025-10-14,,Z030,Approved,BUYER01,BUYER01,4
4500452,00020,0000100046,Ridgeway Materials SpA,MAT-100217,Compact connector type 32 (Maintenance services),MG45,2000,2000,P04,2020,28.0,EA,117.62,USD,3293.36,2025-09-08,2025-10-14,2025-10-14,460046417,Z030,Approved,BUYER01,BUYER01,1
4500452,00030,0000100046,Ridgeway Materials SpA,MAT-100105,Precision relay type 16 (Packaging materials),MG25,2000,2000,P04,2020,329.0,CAR,11.09,USD,3648.61,2025-09-08,2025-10-14,2025-10-14,460046305,Z030,Approved,BUYER01,BUYER01,4
4500452,00040,0000100046,Ridgeway Materials SpA,MAT-100357,High-temperature sensor type 12 (Packaging materials),MG25,2000,2000,P04,2020,153.0,CAR,6.95,USD,1063.35,2025-09-08,2025-10-14,2025-10-14,460046557,Z030,Approved,BUYER01,BUYER01,1
4500453,00010,0000100046,Ridgeway Materials SpA,MAT-100217,Compact connector type 32 (Maintenance services),MG45,2000,2000,P04,2010,54.0,EA,116.57,USD,6294.78,2025-10-12,2025-11-13,2025-11-16,460046417,Z030,Approved,BUYER11,BUYER11,4
4500453,00020,0000100046,Ridgeway Materials SpA,MAT-100532,Compact control unit type 37 (Chemicals and lubricants),MG30,2000,2000,P04,2010,257.0,KG,40.56,USD,10423.92,2025-10-12,2025-11-13,2025-11-16,460046732,Z030,Approved,BUYER11,BUYER11,3
4500453,00030,0000100046,Ridgeway Materials SpA,MAT-100140,Stainless clamp type 21 (Logistics and freight),MG50,2000,2000,P04,2010,52.0,H,453.06,USD,23559.12,2025-10-12,2025-11-13,2025-11-16,460046340,Z030,Approved,BUYER11,BUYER11,2
4500454,00010,0000100046,Ridgeway Materials SpA,MAT-100511,Reinforced bracket type 34 (Mechanical parts),MG15,2000,2000,P06,2010,57.0,PC,246.96,USD,14076.72,2025-11-01,2025-11-25,2025-11-26,460046711,Z030,Approved,BUYER01,BUYER01,0
4500455,00010,0000100047,Stonebridge Engineering Sp. z o.o.,MAT-100049,Modular coupling type 8 (Maintenance services),MG45,3000,3000,P06,3010,56.0,H,97.04,GBP,5434.24,2025-01-11,2025-02-10,2025-02-07,460047249,Z060,Approved,BUYER04,BUYER04,0
4500455,00020,0000100047,Stonebridge Engineering Sp. z o.o.,MAT-100455,Stainless connector type 26 (Office and facility supplies),MG35,3000,3000,P06,3010,366.0,BOX,41.9,GBP,15335.4,2025-01-11,2025-02-10,2025-02-07,460047655,Z060,Approved,BUYER04,BUYER04,3
4500455,00030,0000100047,Stonebridge Engineering Sp. z o.o.,MAT-100609,Stainless adapter type 8 (Packaging materials),MG25,3000,3000,P06,3010,151.0,PC,3.8,GBP,573.8,2025-01-11,2025-02-10,2025-02-07,460047809,Z060,Approved,BUYER04,BUYER04,3
4500456,00010,0000100047,Stonebridge Engineering Sp. z o.o.,MAT-100056,Low-friction sensor type 9 (Logistics and freight),MG50,3000,3000,P01,3010,52.0,EA,118.78,GBP,6176.56,2025-02-09,2025-03-25,2025-03-25,460047256,Z060,Approved,BUYER11,BUYER11,4
4500456,00020,0000100047,Stonebridge Engineering Sp. z o.o.,MAT-100189,Reinforced connector type 28 (Packaging materials),MG25,3000,3000,P01,3010,57.0,PC,7.66,GBP,436.62,2025-02-09,2025-03-25,2025-03-25,460047389,Z060,Approved,BUYER11,BUYER11,4
4500456,00030,0000100047,Stonebridge Engineering Sp. z o.o.,MAT-100455,Stainless connector type 26 (Office and facility supplies),MG35,3000,3000,P01,3010,294.0,BOX,44.48,GBP,13077.12,2025-02-09,2025-03-25,2025-03-25,460047655,Z060,Approved,BUYER11,BUYER11,4
4500457,00010,0000100047,Stonebridge Engineering Sp. z o.o.,MAT-100189,Reinforced connector type 28 (Packaging materials),MG25,3000,3000,P02,3010,286.0,PC,7.85,GBP,2245.1,2025-03-22,2025-04-19,2025-04-17,460047389,Z060,Approved,BUYER12,BUYER12,3
4500457,00020,0000100047,Stonebridge Engineering Sp. z o.o.,MAT-100056,Low-friction sensor type 9 (Logistics and freight),MG50,3000,3000,P02,3010,15.0,EA,110.21,GBP,1653.15,2025-03-22,2025-04-19,2025-04-17,460047256,Z060,Approved,BUYER12,BUYER12,2
4500458,00010,0000100047,Stonebridge Engineering Sp. z o.o.,MAT-100049,Modular coupling type 8 (Maintenance services),MG45,3000,3000,P04,3010,39.0,H,99.64,GBP,3885.96,2025-04-30,2025-05-31,2025-05-27,460047249,Z060,Approved,BUYER08,BUYER08,1
4500459,00010,0000100047,Stonebridge Engineering Sp. z o.o.,MAT-100049,Modular coupling type 8 (Maintenance services),MG45,3000,3000,P06,3010,25.0,H,99.57,GBP,2489.25,2025-06-05,2025-07-07,2025-07-09,460047249,Z060,Approved,BUYER01,BUYER01,4
4500459,00020,0000100047,Stonebridge Engineering Sp. z o.o.,MAT-100455,Stainless connector type 26 (Office and facility supplies),MG35,3000,3000,P06,3010,206.0,BOX,42.07,GBP,8666.42,2025-06-05,2025-07-07,2025-07-09,460047655,Z060,Approved,BUYER01,BUYER01,4
4500460,00010,0000100047,Stonebridge Engineering Sp. z o.o.,MAT-100189,Reinforced connector type 28 (Packaging materials),MG25,3000,3000,P02,3010,79.0,PC,8.13,GBP,642.27,2025-07-07,2025-08-20,2025-08-19,460047389,Z060,Approved,BUYER07,BUYER07,0
4500460,00020,0000100047,Stonebridge Engineering Sp. z o.o.,MAT-100056,Low-friction sensor type 9 (Logistics and freight),MG50,3000,3000,P02,3010,55.0,EA,108.45,GBP,5964.75,2025-07-07,2025-08-20,2025-08-19,460047256,Z060,Approved,BUYER07,BUYER07,2
4500460,00030,0000100047,Stonebridge Engineering Sp. z o.o.,MAT-100455,Stainless connector type 26 (Office and facility supplies),MG35,3000,3000,P02,3010,39.0,BOX,43.09,GBP,1680.51,2025-07-07,2025-08-20,2025-08-19,460047655,Z060,Approved,BUYER07,BUYER07,3
4500460,00040,0000100047,Stonebridge Engineering Sp. z o.o.,MAT-100609,Stainless adapter type 8 (Packaging materials),MG25,3000,3000,P02,3010,183.0,PC,3.67,GBP,671.61,2025-07-07,2025-08-20,2025-08-19,460047809,Z060,Approved,BUYER07,BUYER07,1
4500461,00010,0000100047,Stonebridge Engineering Sp. z o.o.,MAT-100049,Modular coupling type 8 (Maintenance services),MG45,3000,3000,P04,3010,31.0,H,94.47,GBP,2928.57,2025-08-17,2025-07-29,2025-09-25,460047249,Z060,Approved,BUYER05,BUYER05,0
4500462,00010,0000100047,Stonebridge Engineering Sp. z o.o.,MAT-100609,Stainless adapter type 8 (Packaging materials),MG25,3000,3000,P05,3010,31.0,PC,3.56,GBP,110.36,2025-09-27,2025-10-29,2025-10-29,460047809,Z060,Open,BUYER03,BUYER03,4
4500462,00020,0000100047,Stonebridge Engineering Sp. z o.o.,MAT-100189,Reinforced connector type 28 (Packaging materials),MG25,3000,3000,P05,3010,257.0,PC,7.73,GBP,1986.61,2025-09-27,2025-10-29,2025-10-29,460047389,Z060,Open,BUYER03,BUYER03,3
4500463,00010,0000100047,Stonebridge Engineering Sp. z o.o.,MAT-100609,Stainless adapter type 8 (Packaging materials),MG25,3000,3000,P05,3010,328.0,PC,3.79,GBP,1243.12,2025-10-27,2025-12-01,2025-11-30,460047809,Z060,Approved,BUYER12,BUYER12,3
4500464,00010,0000100048,Tallowood Technologies Oy,MAT-100616,Compact sensor type 9 (Chemicals and lubricants),MG30,4000,4000,P02,4010,297.0,L,36.5,CHF,10840.5,2025-01-10,2025-01-30,2025-01-30,460048816,NT45,Approved,BUYER04,BUYER04,2
4500465,00010,0000100048,Tallowood Technologies Oy,MAT-100133,Heavy-duty spindle type 20 (Maintenance services),MG45,4000,4000,P02,4010,8.0,EA,138.91,CHF,1111.28,2025-02-02,2025-02-20,2025-02-20,460048333,NT45,Approved,BUYER05,BUYER05,2
4500466,00010,0000100048,Tallowood Technologies Oy,MAT-100133,Heavy-duty spindle type 20 (Maintenance services),MG45,4000,4000,P03,4010,28.0,EA,142.47,CHF,3989.16,2025-03-10,2025-04-24,2025-04-24,460048333,NT45,Approved,BUYER06,BUYER06,4
4500466,00020,0000100048,Tallowood Technologies Oy,MAT-100049,Modular coupling type 8 (Maintenance services),MG45,4000,4000,P03,4010,20.0,H,109.54,CHF,2190.8,2025-03-10,2025-04-24,2025-04-24,460048249,NT45,Approved,BUYER06,BUYER06,2
4500466,00030,0000100048,Tallowood Technologies Oy,MAT-100301,High-temperature spindle type 4 (Maintenance services),MG45,4000,4000,P03,4010,254.0,H,96.79,CHF,24584.66,2025-03-10,2025-04-24,2025-04-24,460048501,NT45,Approved,BUYER06,BUYER06,1
4500466,00040,0000100048,Tallowood Technologies Oy,MAT-100616,Compact sensor type 9 (Chemicals and lubricants),MG30,4000,4000,P03,4010,144.0,L,20.11,CHF,2895.84,2025-03-10,2025-04-24,2025-04-24,460048816,NT45,Approved,BUYER06,BUYER06,3
4500467,00010,0000100048,Tallowood Technologies Oy,MAT-100049,Modular coupling type 8 (Maintenance services),MG45,4000,4000,P02,4010,43.0,H,113.35,CHF,4874.05,2025-03-30,2025-05-03,2025-05-02,460048249,NT45,Approved,BUYER06,BUYER06,0
4500467,00020,0000100048,Tallowood Technologies Oy,MAT-100154,Modular filter type 23 (Safety equipment),MG60,4000,4000,P02,4010,43.0,BOX,199.7,CHF,8587.1,2025-03-30,2025-05-03,2025-05-02,460048354,NT45,Approved,BUYER06,BUYER06,1
4500467,00030,0000100048,Tallowood Technologies Oy,MAT-100133,Heavy-duty spindle type 20 (Maintenance services),MG45,4000,4000,P02,4010,58.0,EA,143.36,CHF,8314.88,2025-03-30,2025-05-03,2025-05-02,460048333,NT45,Approved,BUYER06,BUYER06,2
4500468,00010,0000100048,Tallowood Technologies Oy,MAT-100049,Modular coupling type 8 (Maintenance services),MG45,4000,4000,P01,4010,8.0,H,110.56,CHF,884.48,2025-05-01,2025-06-10,2025-06-05,460048249,NT45,Approved,BUYER02,BUYER02,0
4500468,00020,0000100048,Tallowood Technologies Oy,MAT-100154,Modular filter type 23 (Safety equipment),MG60,4000,4000,P01,4010,26.0,BOX,190.09,CHF,4942.34,2025-05-01,2025-06-10,2025-06-05,460048354,NT45,Approved,BUYER02,BUYER02,2
4500468,00030,0000100048,Tallowood Technologies Oy,MAT-100301,High-temperature spindle type 4 (Maintenance services),MG45,4000,4000,P01,4010,95.0,H,96.19,CHF,9138.05,2025-05-01,2025-06-10,2025-06-05,460048501,NT45,Approved,BUYER02,BUYER02,1
4500469,00010,0000100048,Tallowood Technologies Oy,MAT-100616,Compact sensor type 9 (Chemicals and lubricants),MG30,4000,4000,P05,4010,220.0,L,19.08,CHF,4197.6,2025-05-27,2025-06-23,2025-06-22,460048816,NT45,Approved,BUYER05,BUYER05,4
4500470,00010,0000100048,Tallowood Technologies Oy,MAT-100301,High-temperature spindle type 4 (Maintenance services),MG45,4000,4000,P05,4010,287.0,H,92.33,CHF,26498.71,2025-06-20,2025-07-14,2025-07-13,460048501,NT45,Approved,BUYER02,BUYER02,1
4500470,00020,0000100048,Tallowood Technologies Oy,MAT-100616,Compact sensor type 9 (Chemicals and lubricants),MG30,4000,4000,P05,4010,76.0,L,19.98,CHF,1518.48,2025-06-20,2025-07-14,2025-07-13,460048816,NT45,Approved,BUYER02,BUYER02,2
4500471,00010,0000100048,Tallowood Technologies Oy,MAT-100182,Compact bracket type 27 (Raw steel and metals),MG20,4000,4000,P02,4010,135.52,TO,2.77,CHF,375.39,2025-07-12,2025-08-08,2025-08-10,460048382,NT45,Approved,BUYER12,BUYER12,4
4500471,00020,0000100048,Tallowood Technologies Oy,MAT-100154,Modular filter type 23 (Safety equipment),MG60,4000,4000,P02,4010,36.96,BOX,194.27,CHF,7180.22,2025-07-12,2025-08-08,2025-08-10,460048354,NT45,Approved,BUYER12,BUYER12,4
4500471,00030,0000100048,Tallowood Technologies Oy,MAT-100049,Modular coupling type 8 (Maintenance services),MG45,4000,4000,P02,4010,46.64,H,106.29,CHF,4957.37,2025-07-12,2025-08-08,2025-08-10,460048249,NT45,Approved,BUYER12,BUYER12,1
4500471,00040,0000100048,Tallowood Technologies Oy,MAT-100301,High-temperature spindle type 4 (Maintenance services),MG45,4000,4000,P02,4010,310.64,H,93.99,CHF,29197.05,2025-07-12,2025-08-08,2025-08-10,460048501,NT45,Approved,BUYER12,BUYER12,1
4500472,00010,0000100048,Tallowood Technologies Oy,MAT-100616,Compact sensor type 9 (Chemicals and lubricants),MG30,4000,4000,P05,4010,200.0,L,19.11,CHF,3822.0,2025-08-07,2025-09-05,2025-08-31,460048816,NT45,Open,BUYER07,BUYER07,0
4500473,00010,0000100048,Tallowood Technologies Oy,MAT-100616,Compact sensor type 9 (Chemicals and lubricants),MG30,4000,4000,P03,4010,103.0,L,20.71,CHF,2133.13,2025-08-28,2025-10-04,2025-10-03,460048816,NT45,Approved,BUYER05,BUYER05,2
4500473,00020,0000100048,Tallowood Technologies Oy,MAT-100182,Compact bracket type 27 (Raw steel and metals),MG20,4000,4000,P03,4010,101.0,TO,2.75,CHF,277.75,2025-08-28,2025-10-04,2025-10-03,460048382,NT45,Approved,BUYER05,BUYER05,0
4500473,00030,0000100048,Tallowood Technologies Oy,MAT-100133,Heavy-duty spindle type 20 (Maintenance services),MG45,4000,4000,P03,4010,7.0,EA,146.06,CHF,1022.42,2025-08-28,2025-10-04,2025-10-03,460048333,NT45,Approved,BUYER05,BUYER05,4
4500473,00040,0000100048,Tallowood Technologies Oy,MAT-100301,High-temperature spindle type 4 (Maintenance services),MG45,4000,4000,P03,4010,169.0,H,91.3,CHF,15429.7,2025-08-28,2025-10-04,2025-10-03,460048501,NT45,Approved,BUYER05,BUYER05,1
4500474,00010,0000100048,Tallowood Technologies Oy,MAT-100154,Modular filter type 23 (Safety equipment),MG60,4000,4000,P06,4010,933.82,BOX,185.95,CHF,173643.83,2025-09-29,2025-11-06,2025-11-07,460048354,NT45,Approved,BUYER02,BUYER02,1
4500474,00020,0000100048,Tallowood Technologies Oy,MAT-100049,Modular coupling type 8 (Maintenance services),MG45,4000,4000,P06,4010,32.0,H,106.62,CHF,3411.84,2025-09-29,2025-11-06,2025-11-07,460048249,NT45,Approved,BUYER02,BUYER02,1
4500474,00030,0000100048,Tallowood Technologies Oy,MAT-100182,Compact bracket type 27 (Raw steel and metals),MG20,4000,4000,P06,4010,213.0,TO,2.63,CHF,560.19,2025-09-29,2025-11-06,2025-11-07,460048382,NT45,Approved,BUYER02,BUYER02,4
4500475,00010,0000100048,Tallowood Technologies Oy,MAT-100301,High-temperature spindle type 4 (Maintenance services),MG45,4000,4000,P06,4010,141.0,H,97.96,CHF,13812.36,2025-11-02,2025-11-24,2025-11-26,460048501,NT45,Approved,BUYER12,BUYER12,4
4500475,00020,0000100048,Tallowood Technologies Oy,MAT-100133,Heavy-duty spindle type 20 (Maintenance services),MG45,4000,4000,P06,4010,13.0,EA,143.01,CHF,1859.13,2025-11-02,2025-11-24,2025-11-26,460048333,NT45,Approved,BUYER12,BUYER12,1
4500475,00030,0000100048,Tallowood Technologies Oy,MAT-100616,Compact sensor type 9 (Chemicals and lubricants),MG30,4000,4000,P06,4010,116.0,L,19.57,CHF,2270.12,2025-11-02,2025-11-24,2025-11-26,460048816,NT45,Approved,BUYER12,BUYER12,0
4500476,00010,0000100049,Ullswater Engineering Sp. z o.o.,MAT-100091,Low-friction sensor type 14 (Mechanical parts),MG15,1000,1000,P02,1020,1.0,EA,790.33,EUR,790.33,2025-01-12,2025-02-10,2025-02-10,460049291,NT30,Approved,BUYER08,BUYER08,2
4500476,00020,0000100049,Ullswater Engineering Sp. z o.o.,MAT-100014,Heavy-duty bearing type 3 (Raw steel and metals),MG20,1000,1000,P02,1020,195.0,TO,18.35,EUR,3578.25,2025-01-12,2025-02-10,2025-02-10,460049214,NT30,Approved,BUYER08,BUYER08,0
4500476,00030,0000100049,Ullswater Engineering Sp. z o.o.,MAT-100336,High-temperature pulley type 9 (Electrical components),MG10,1000,1000,P02,1020,33.0,EA,481.06,EUR,15874.98,2025-01-12,2025-02-10,2025-02-10,,NT30,Approved,BUYER08,BUYER08,0
4500476,00040,0000100049,Ullswater Engineering Sp. z o.o.,MAT-100609,Stainless adapter type 8 (Packaging materials),MG25,1000,1000,P02,1020,261.0,PC,4.19,EUR,1093.59,2025-01-12,2025-02-10,2025-02-10,460049809,NT30,Approved,BUYER08,BUYER08,2
4500477,00010,0000100049,Ullswater Engineering Sp. z o.o.,MAT-100014,Heavy-duty bearing type 3 (Raw steel and metals),MG20,1000,1000,P06,1010,31.0,TO,18.71,EUR,580.01,2025-02-27,2025-03-30,2025-03-26,460049214,NT30,Approved,BUYER02,BUYER02,0
4500477,00020,0000100049,Ullswater Engineering Sp. z o.o.,MAT-100392,Compact bearing type 17 (Logistics and freight),MG50,1000,1000,P06,1010,43.0,H,472.59,EUR,20321.37,2025-02-27,2025-03-30,2025-03-26,460049592,NT30,Approved,BUYER02,BUYER02,4
4500478,00010,0000100049,Ullswater Engineering Sp. z o.o.,MAT-100609,Stainless adapter type 8 (Packaging materials),MG25,1000,1000,P02,1020,189.0,PC,4.24,EUR,801.36,2025-04-06,2025-05-09,2025-05-07,460049809,NT30,Open,BUYER04,BUYER04,2
4500479,00010,0000100049,Ullswater Engineering Sp. z o.o.,MAT-100091,Low-friction sensor type 14 (Mechanical parts),MG15,1000,1000,P02,1010,9.0,EA,766.23,EUR,6896.07,2025-05-15,2025-06-13,2025-06-10,460049291,NT30,Approved,BUYER06,BUYER06,4
4500480,00010,0000100049,Ullswater Engineering Sp. z o.o.,MAT-100392,Compact bearing type 17 (Logistics and freight),MG50,1000,1000,P01,1020,27.0,H,440.57,EUR,11895.39,2025-06-22,2025-07-29,2025-07-30,460049592,NT30,Approved,BUYER08,BUYER08,4
4500480,00020,0000100049,Ullswater Engineering Sp. z o.o.,MAT-100336,High-temperature pulley type 9 (Electrical components),MG10,1000,1000,P01,1020,31.0,EA,461.75,EUR,14314.25,2025-06-22,2025-07-29,2025-07-30,,NT30,Approved,BUYER08,BUYER08,0
4500480,00030,0000100049,Ullswater Engineering Sp. z o.o.,MAT-100014,Heavy-duty bearing type 3 (Raw steel and metals),MG20,1000,1000,P01,1020,199.0,TO,17.59,EUR,3500.41,2025-06-22,2025-07-29,2025-07-30,460049214,NT30,Approved,BUYER08,BUYER08,3
4500480,00040,0000100049,Ullswater Engineering Sp. z o.o.,MAT-100392,Compact bearing type 17 (Logistics and freight),MG50,1000,1000,P01,1020,27.0,H,440.57,EUR,11895.39,2025-06-22,2025-07-29,2025-07-30,460049592,NT30,Approved,BUYER08,BUYER08,4
4500481,00010,0000100049,Ullswater Engineering Sp. z o.o.,MAT-100609,Stainless adapter type 8 (Packaging materials),MG25,1000,1000,P03,1020,146.0,PC,4.06,EUR,592.76,2025-07-25,2025-08-21,2025-08-16,460049809,NT30,Approved,BUYER12,BUYER12,4
4500481,00020,0000100049,Ullswater Engineering Sp. z o.o.,MAT-100091,Low-friction sensor type 14 (Mechanical parts),MG15,1000,1000,P03,1020,1.0,EA,839.13,EUR,839.13,2025-07-25,2025-08-21,2025-08-16,460049291,NT30,Approved,BUYER12,BUYER12,1
4500481,00030,0000100049,Ullswater Engineering Sp. z o.o.,MAT-100014,Heavy-duty bearing type 3 (Raw steel and metals),MG20,1000,1000,P03,1020,254.0,TO,18.61,EUR,4726.94,2025-07-25,2025-08-21,2025-08-16,460049214,NT30,Approved,BUYER12,BUYER12,2
4500481,00040,0000100049,Ullswater Engineering Sp. z o.o.,MAT-100392,Compact bearing type 17 (Logistics and freight),MG50,1000,1000,P03,1020,26.0,H,464.88,EUR,12086.88,2025-07-25,2025-08-21,2025-08-16,460049592,NT30,Approved,BUYER12,BUYER12,0
4500482,00010,0000100049,Ullswater Engineering Sp. z o.o.,MAT-100014,Heavy-duty bearing type 3 (Raw steel and metals),MG20,1000,1000,P03,1020,56.0,TO,17.64,EUR,987.84,2025-08-31,2025-10-04,2025-10-02,460049214,NT30,Approved,BUYER07,BUYER07,1
4500482,00020,0000100049,Ullswater Engineering Sp. z o.o.,MAT-100392,Compact bearing type 17 (Logistics and freight),MG50,1000,1000,P03,1020,47.0,H,468.03,EUR,21997.41,2025-08-31,2025-10-04,2025-10-02,460049592,NT30,Approved,BUYER07,BUYER07,0
4500482,00030,0000100049,Ullswater Engineering Sp. z o.o.,MAT-100091,Low-friction sensor type 14 (Mechanical parts),MG15,1000,1000,P03,1020,8.0,EA,781.19,EUR,6249.52,2025-08-31,2025-10-04,2025-10-02,460049291,NT30,Approved,BUYER07,BUYER07,0
4500483,00010,0000100049,Ullswater Engineering Sp. z o.o.,MAT-100609,Stainless adapter type 8 (Packaging materials),MG25,1000,1000,P02,1020,56.0,PC,4.23,EUR,236.88,2025-10-25,2025-12-05,2025-12-06,460049809,NT30,Approved,BUYER10,BUYER10,4
4500483,00020,0000100049,Ullswater Engineering Sp. z o.o.,MAT-100091,Low-friction sensor type 14 (Mechanical parts),MG15,1000,1000,P02,1020,4.0,EA,802.71,EUR,3210.84,2025-10-25,2025-12-05,2025-12-06,460049291,NT30,Approved,BUYER10,BUYER10,2
4500483,00030,0000100049,Ullswater Engineering Sp. z o.o.,MAT-100392,Compact bearing type 17 (Logistics and freight),MG50,1000,1000,P02,1020,39.0,H,429.01,EUR,16731.39,2025-10-25,2025-12-05,2025-12-06,460049592,NT30,Approved,BUYER10,BUYER10,2
4500484,00010,0000100050,Vinemount Systems Inc,MAT-100084,Stainless connector type 13 (Electrical components),MG10,2000,2000,P03,2010,7.0,EA,351.25,USD,2458.75,2025-01-11,2025-02-15,2025-02-18,,Z030,Approved,BUYER01,BUYER01,3
4500485,00010,0000100050,Vinemount Systems Inc,MAT-100084,Stainless connector type 13 (Electrical components),MG10,2000,2000,P02,2020,21.0,EA,367.55,USD,7718.55,2025-02-07,2025-02-26,2025-02-23,,Z030,Open,BUYER11,BUYER11,4
4500486,00010,0000100050,Vinemount Systems Inc,MAT-100084,Stainless connector type 13 (Electrical components),MG10,2000,2000,P06,2010,57.0,EA,373.06,USD,21264.42,2025-03-19,2025-04-26,2025-04-23,,Z030,Approved,BUYER02,BUYER02,3
4500487,00010,0000100050,Vinemount Systems Inc,MAT-100084,Stainless connector type 13 (Electrical components),MG10,2000,2000,P06,2010,33.0,EA,378.27,USD,12482.91,2025-04-21,2025-05-21,2025-05-23,,Z030,Approved,BUYER12,BUYER12,0
4500488,00010,0000100050,Vinemount Systems Inc,MAT-100084,Stainless connector type 13 (Electrical components),MG10,2000,2000,P02,2010,47.0,EA,360.07,USD,16923.29,2025-05-25,2025-06-17,2025-06-13,,Z030,Approved,BUYER08,BUYER08,1
4500489,00010,0000100050,Vinemount Systems Inc,MAT-100084,Stainless connector type 13 (Electrical components),MG10,2000,2000,P03,2010,32.0,EA,382.75,USD,12248.0,2025-07-04,2025-08-13,2025-08-08,,Z030,Approved,BUYER11,BUYER11,2
4500490,00010,0000100050,Vinemount Systems Inc,MAT-100084,Stainless connector type 13 (Electrical components),MG10,2000,2000,P02,2010,23.0,EA,353.48,USD,8130.04,2025-08-05,2025-08-20,2025-08-15,,Z030,Approved,BUYER02,BUYER02,1
4500491,00010,0000100050,Vinemount Systems Inc,MAT-100084,Stainless connector type 13 (Electrical components),MG10,2000,2000,P06,2020,24.0,EA,380.21,USD,9125.04,2025-08-28,2025-10-04,2025-09-30,,Z030,Approved,BUYER01,BUYER01,1
4500492,00010,0000100050,Vinemount Systems Inc,MAT-100084,Stainless connector type 13 (Electrical components),MG10,2000,2000,P04,2010,58.0,EA,365.35,USD,21190.3,2025-09-19,2025-10-12,2025-10-11,,Z030,Approved,BUYER10,BUYER10,3
4500493,00010,0000100050,Vinemount Systems Inc,MAT-100084,Stainless connector type 13 (Electrical components),MG10,2000,2000,P03,2020,41.0,EA,360.1,USD,14764.1,2025-10-22,2025-11-29,2025-11-28,,Z030,Approved,BUYER02,BUYER02,1
4500494,00010,0000100050,Vinemount Systems Inc,MAT-100084,Stainless connector type 13 (Electrical components),MG10,2000,2000,P02,2010,26.0,EA,366.37,USD,9525.62,2025-11-14,2025-12-08,2025-12-10,,Z030,Approved,BUYER02,BUYER02,0
4500495,00010,0000100051,Whitfield Logistics AS,MAT-100182,Compact bracket type 27 (Raw steel and metals),MG20,3000,3000,P01,3010,193.0,TO,2.37,GBP,457.41,2025-01-17,2025-01-30,2025-01-30,460051382,NT60,Approved,BUYER03,BUYER03,0
4500496,00010,0000100051,Whitfield Logistics AS,MAT-100182,Compact bracket type 27 (Raw steel and metals),MG20,3000,3000,P06,3010,73.0,TO,2.35,GBP,171.55,2025-03-02,2025-04-01,2025-04-04,460051382,NT60,Approved,BUYER03,BUYER03,2
4500497,00010,0000100051,Whitfield Logistics AS,MAT-100182,Compact bracket type 27 (Raw steel and metals),MG20,3000,3000,,3010,243.0,TO,2.49,GBP,605.07,2025-04-01,2025-04-18,2025-04-18,460051382,NT60,Approved,BUYER04,BUYER04,4
4500498,00010,0000100051,Whitfield Logistics AS,MAT-100182,Compact bracket type 27 (Raw steel and metals),MG20,3000,3000,P01,3010,44.0,TO,2.4,GBP,105.6,2025-05-09,2025-06-09,2025-06-09,460051382,NT60,Approved,BUYER11,BUYER11,3
4500499,00010,0000100051,Whitfield Logistics AS,MAT-100182,Compact bracket type 27 (Raw steel and metals),MG20,3000,3000,P05,3010,271.0,TO,2.55,GBP,691.05,2025-06-22,2025-07-29,2025-07-28,460051382,NT60,Approved,BUYER07,BUYER07,2
4500500,00010,0000100051,Whitfield Logistics AS,MAT-100182,Compact bracket type 27 (Raw steel and metals),MG20,3000,3000,P06,3010,205.0,TO,2.45,GBP,502.25,2025-08-04,2025-08-24,2025-08-27,460051382,NT60,Open,BUYER12,BUYER12,3
4500501,00010,0000100051,Whitfield Logistics AS,MAT-100182,Compact bracket type 27 (Raw steel and metals),MG20,3000,3000,P01,3010,369.0,TO,2.55,GBP,940.95,2025-09-23,2025-11-04,2025-11-02,460051382,NT60,Approved,BUYER06,BUYER06,2
4500502,00010,0000100051,Whitfield Logistics AS,MAT-100182,Compact bracket type 27 (Raw steel and metals),MG20,3000,3000,P04,3010,351.0,TO,2.44,GBP,856.44,2025-11-02,2025-12-01,2025-11-30,460051382,NT60,Approved,BUYER05,BUYER05,1
4500503,00010,0000100052,Yardley Supply Ltd,MAT-100609,Stainless adapter type 8 (Packaging materials),MG25,4000,4000,P05,4010,72.0,PC,3.96,CHF,285.12,2025-01-06,2025-01-27,2025-01-22,460052809,NT60,Approved,BUYER08,BUYER08,3
4500503,00020,0000100052,Yardley Supply Ltd,MAT-100511,Reinforced bracket type 34 (Mechanical parts),MG15,4000,4000,P05,4010,24.0,PC,213.3,CHF,5119.2,2025-01-06,2025-01-27,2025-01-22,460052711,NT60,Approved,BUYER08,BUYER08,2
4500504,00010,0000100052,Yardley Supply Ltd,MAT-100294,High-temperature filter type 3 (IT hardware),MG40,4000,4000,P05,4010,10.0,PC,1026.69,CHF,10266.9,2025-02-11,2025-02-27,2025-03-01,,NT60,Approved,BUYER07,BUYER07,3
4500504,00020,0000100052,Yardley Supply Ltd,MAT-100609,Stainless adapter type 8 (Packaging materials),MG25,4000,4000,P05,4010,248.0,PC,4.13,CHF,1024.24,2025-02-11,2025-02-27,2025-03-01,460052809,NT60,Approved,BUYER07,BUYER07,3
4500504,00030,0000100052,Yardley Supply Ltd,MAT-100294,High-temperature filter type 3 (IT hardware),MG40,4000,4000,P05,4010,10.0,PC,1026.69,CHF,10266.9,2025-02-11,2025-02-27,2025-03-01,,NT60,Approved,BUYER07,BUYER07,3
4500505,00010,0000100052,Yardley Supply Ltd,MAT-100623,Reinforced cartridge type 10 (Office and facility supplies),MG35,4000,4000,P02,4010,107.0,PC,11.44,CHF,1224.08,2025-03-14,2025-04-04,2025-04-05,460052823,NT60,Approved,BUYER11,BUYER11,4
4500505,00020,0000100052,Yardley Supply Ltd,MAT-100098,Precision adapter type 15 (Raw steel and metals),MG20,4000,4000,P02,4010,54.0,TO,14.09,CHF,760.86,2025-03-14,2025-04-04,2025-04-05,460052298,NT60,Approved,BUYER11,BUYER11,1
4500506,00010,0000100052,Yardley Supply Ltd,MAT-100476,Stainless connector type 29 (Logistics and freight),MG50,4000,4000,P03,4010,28.0,H,291.99,CHF,8175.72,2025-04-05,2025-04-21,2025-04-18,460052676,NT60,Approved,BUYER02,BUYER02,1
4500506,00020,0000100052,Yardley Supply Ltd,MAT-100007,High-temperature clamp type 2 (Mechanical parts),MG15,4000,4000,P03,4010,20.0,PC,667.83,CHF,13356.6,2025-04-05,2025-04-21,2025-04-18,460052207,NT60,Approved,BUYER02,BUYER02,2
4500506,00030,0000100052,Yardley Supply Ltd,MAT-100504,Industrial terminal block type 33 (Electrical components),MG10,4000,4000,P03,4010,42.0,EA,240.97,CHF,10120.74,2025-04-05,2025-04-21,2025-04-18,,NT60,Approved,BUYER02,BUYER02,0
4500507,00010,0000100052,Yardley Supply Ltd,MAT-100294,High-temperature filter type 3 (IT hardware),MG40,4000,4000,P02,4010,9.0,PC,961.1,CHF,8649.9,2025-05-07,2025-06-16,2025-06-12,,NT60,Approved,BUYER06,BUYER06,1
4500507,00020,0000100052,Yardley Supply Ltd,MAT-100504,Industrial terminal block type 33 (Electrical components),MG10,4000,4000,P02,4010,57.0,EA,242.73,CHF,13835.61,2025-05-07,2025-06-16,2025-06-12,,NT60,Approved,BUYER06,BUYER06,4
4500508,00010,0000100052,Yardley Supply Ltd,MAT-100098,Precision adapter type 15 (Raw steel and metals),MG20,4000,4000,P05,4010,147.0,TO,13.43,CHF,1974.21,2025-06-03,2025-06-19,2025-06-19,460052298,NT60,Approved,BUYER02,BUYER02,2
4500508,00020,0000100052,Yardley Supply Ltd,MAT-100483,Insulated coupling type 30 (Laboratory equipment),MG55,4000,4000,P05,4010,9.0,EA,2518.19,CHF,22663.71,2025-06-03,2025-06-19,2025-06-19,460052683,NT60,Approved,BUYER02,BUYER02,2
4500508,00030,0000100052,Yardley Supply Ltd,MAT-100511,Reinforced bracket type 34 (Mechanical parts),MG15,4000,4000,P05,4010,36.0,PC,231.74,CHF,8342.64,2025-06-03,2025-06-19,2025-06-19,460052711,NT60,Approved,BUYER02,BUYER02,3
4500508,00040,0000100052,Yardley Supply Ltd,MAT-100623,Reinforced cartridge type 10 (Office and facility supplies),MG35,4000,4000,P05,4010,29.0,PC,10.84,CHF,314.36,2025-06-03,2025-06-19,2025-06-19,460052823,NT60,Approved,BUYER02,BUYER02,1
4500509,00010,0000100052,Yardley Supply Ltd,MAT-100511,Reinforced bracket type 34 (Mechanical parts),MG15,4000,4000,P05,4010,28.0,PC,224.13,CHF,6275.64,2025-07-07,2025-08-18,2025-08-15,460052711,NT60,Approved,BUYER06,BUYER06,3
4500509,00020,0000100052,Yardley Supply Ltd,MAT-100483,Insulated coupling type 30 (Laboratory equipment),MG55,4000,4000,P05,4010,9.0,EA,2541.87,CHF,22876.83,2025-07-07,2025-08-18,2025-08-15,460052683,NT60,Approved,BUYER06,BUYER06,3
4500509,00030,0000100052,Yardley Supply Ltd,MAT-100504,Industrial terminal block type 33 (Electrical components),MG10,4000,4000,P05,4010,27.0,EA,242.27,CHF,6541.29,2025-07-07,2025-08-18,2025-08-15,,NT60,Approved,BUYER06,BUYER06,4
4500509,00040,0000100052,Yardley Supply Ltd,MAT-100007,High-temperature clamp type 2 (Mechanical parts),MG15,4000,4000,P05,4010,49.0,PC,669.74,CHF,32817.26,2025-07-07,2025-08-18,2025-08-15,460052207,NT60,Approved,BUYER06,BUYER06,0
4500510,00010,0000100052,Yardley Supply Ltd,MAT-100112,Stainless clamp type 17 (Chemicals and lubricants),MG30,4000,4000,P01,4010,27.0,L,55.76,CHF,1505.52,2025-07-30,2025-09-12,2025-09-09,460052312,NT60,Open,BUYER04,BUYER04,3
4500510,00020,0000100052,Yardley Supply Ltd,MAT-100623,Reinforced cartridge type 10 (Office and facility supplies),MG35,4000,4000,P01,4010,208.0,PC,11.21,CHF,2331.68,2025-07-30,2025-09-12,2025-09-09,460052823,NT60,Open,BUYER04,BUYER04,3
4500511,00010,0000100052,Yardley Supply Ltd,MAT-100623,Reinforced cartridge type 10 (Office and facility supplies),MG35,4000,4000,P06,4010,65.12,PC,10.65,CHF,693.53,2025-08-22,2025-09-28,2025-09-24,460052823,NT60,Approved,BUYER06,BUYER06,4
4500511,00020,0000100052,Yardley Supply Ltd,MAT-100007,High-temperature clamp type 2 (Mechanical parts),MG15,4000,4000,P06,4010,36.08,PC,672.83,CHF,24275.71,2025-08-22,2025-09-28,2025-09-24,460052207,NT60,Approved,BUYER06,BUYER06,4
4500511,00030,0000100052,Yardley Supply Ltd,MAT-100112,Stainless clamp type 17 (Chemicals and lubricants),MG30,4000,4000,P06,4010,264.88,L,55.02,CHF,14573.7,2025-08-22,2025-09-28,2025-09-24,460052312,NT60,Approved,BUYER06,BUYER06,2
4500512,00010,0000100052,Yardley Supply Ltd,MAT-100294,High-temperature filter type 3 (IT hardware),MG40,4000,4000,P05,4010,5.0,PC,985.03,CHF,4925.15,2025-09-23,2025-11-01,2025-11-01,,NT60,Approved,BUYER08,BUYER08,3
4500512,00020,0000100052,Yardley Supply Ltd,MAT-100609,Stainless adapter type 8 (Packaging materials),,4000,4000,P05,4010,319.0,PC,4.13,CHF,1317.47,2025-09-23,2025-11-01,2025-11-01,460052809,NT60,Approved,BUYER08,BUYER08,4
4500512,00030,0000100052,Yardley Supply Ltd,MAT-100483,Insulated coupling type 30 (Laboratory equipment),MG55,4000,4000,P05,4010,2.0,EA,2406.56,CHF,4813.12,2025-09-23,2025-11-01,2025-11-01,460052683,NT60,Approved,BUYER08,BUYER08,4
4500513,00010,0000100052,Yardley Supply Ltd,MAT-100609,Stainless adapter type 8 (Packaging materials),MG25,4000,4000,P01,4010,340.0,PC,4.14,CHF,1407.6,2025-10-19,2025-11-06,2025-11-03,460052809,NT60,Approved,BUYER03,BUYER03,0
4500513,00020,0000100052,Yardley Supply Ltd,MAT-100098,Precision adapter type 15 (Raw steel and metals),MG20,4000,4000,P01,4010,39.0,TO,13.37,CHF,521.43,2025-10-19,2025-11-06,2025-11-03,460052298,NT60,Approved,BUYER03,BUYER03,4
4500514,00010,0000100052,Yardley Supply Ltd,MAT-100511,Reinforced bracket type 34 (Mechanical parts),MG15,4000,4000,P01,4010,31.0,PC,213.07,CHF,6605.17,2025-11-21,2025-12-26,2025-12-21,460052711,NT60,Approved,BUYER01,BUYER01,3
4500514,00020,0000100052,Yardley Supply Ltd,MAT-100504,Industrial terminal block type 33 (Electrical components),MG10,4000,4000,P01,4010,59.0,EA,257.5,CHF,15192.5,2025-11-21,2025-12-26,2025-12-21,,NT60,Approved,BUYER01,BUYER01,1
4500514,00030,0000100052,Yardley Supply Ltd,MAT-100483,Insulated coupling type 30 (Laboratory equipment),MG55,4000,4000,P01,4010,5.0,EA,2496.52,CHF,12482.6,2025-11-21,2025-12-26,2025-12-21,460052683,NT60,Approved,BUYER01,BUYER01,3
4500514,00040,0000100052,Yardley Supply Ltd,MAT-100609,Stainless adapter type 8 (Packaging materials),MG25,4000,4000,P01,4010,63.0,PC,4.0,CHF,252.0,2025-11-21,2025-12-26,2025-12-21,460052809,NT60,Approved,BUYER01,BUYER01,3
4500515,00010,0000100053,Zephyr Industrie GmbH,MAT-100035,Low-friction cartridge type 6 (Office and facility supplies),MG35,1000,1000,P06,1020,197.0,BOX,43.71,EUR,8610.87,2025-01-11,2025-02-23,2025-02-26,460053235,NT45,Approved,BUYER06,BUYER06,3
4500515,00020,0000100053,Zephyr Industrie GmbH,MAT-100434,Insulated pulley type 23 (Raw steel and metals),MG20,1000,1000,P06,1020,188.0,TO,12.55,EUR,2359.4,2025-01-11,2025-02-23,2025-02-26,460053634,NT45,Approved,BUYER06,BUYER06,4
4500516,00010,0000100053,Zephyr Industrie GmbH,MAT-100434,Insulated pulley type 23 (Raw steel and metals),MG20,1000,1000,P01,1010,60.0,TO,12.43,EUR,745.8,2025-02-13,2025-03-15,2025-03-16,460053634,NT45,Approved,BUYER01,BUYER01,4
4500516,00020,0000100053,Zephyr Industrie GmbH,MAT-100035,Low-friction cartridge type 6 (Office and facility supplies),MG35,1000,1000,P01,1010,392.0,BOX,41.31,EUR,16193.52,2025-02-13,2025-03-15,2025-03-16,460053235,NT45,Approved,BUYER01,BUYER01,3
4500517,00010,0000100053,Zephyr Industrie GmbH,MAT-100434,Insulated pulley type 23 (Raw steel and metals),MG20,1000,1000,P06,1020,209.0,TO,12.18,EUR,2545.62,2025-03-14,2025-04-21,2025-04-17,460053634,NT45,Approved,BUYER08,BUYER08,2
4500517,00020,0000100053,Zephyr Industrie GmbH,MAT-100035,Low-friction cartridge type 6 (Office and facility supplies),MG35,1000,1000,P06,1020,140.0,BOX,41.69,EUR,5836.6,2025-03-14,2025-04-21,2025-04-17,460053235,NT45,Approved,BUYER08,BUYER08,3
4500518,00010,0000100053,Zephyr Industrie GmbH,MAT-100434,Insulated pulley type 23 (Raw steel and metals),MG20,1000,1000,P05,1010,239.0,TO,12.17,EUR,2908.63,2025-04-10,2025-05-12,2025-05-12,460053634,NT45,Approved,BUYER10,BUYER10,3
4500518,00020,0000100053,Zephyr Industrie GmbH,MAT-100035,Low-friction cartridge type 6 (Office and facility supplies),MG35,1000,1000,P05,1010,183.0,BOX,43.09,EUR,7885.47,2025-04-10,2025-05-12,2025-05-12,460053235,,Approved,BUYER10,BUYER10,0
4500519,00010,0000100053,Zephyr Industrie GmbH,MAT-100434,Insulated pulley type 23 (Raw steel and metals),MG20,1000,1000,P01,1010,163.0,TO,12.06,EUR,1965.78,2025-05-06,2025-06-07,2025-06-02,460053634,NT45,Approved,BUYER01,BUYER01,0
4500519,00020,0000100053,Zephyr Industrie GmbH,MAT-100035,Low-friction cartridge type 6 (Office and facility supplies),MG35,1000,1000,P01,1010,258.0,BOX,44.72,EUR,11537.76,2025-05-06,2025-06-07,2025-06-02,460053235,NT45,Approved,BUYER01,BUYER01,3
4500520,00010,0000100053,Zephyr Industrie GmbH,MAT-100434,Insulated pulley type 23 (Raw steel and metals),MG20,1000,1000,P06,1010,101.0,TO,12.38,EUR,1250.38,2025-06-12,2025-06-24,2025-06-20,460053634,NT45,Approved,BUYER12,BUYER12,4
4500520,00020,0000100053,Zephyr Industrie GmbH,MAT-100035,Low-friction cartridge type 6 (Office and facility supplies),MG35,1000,1000,P06,1010,267.0,BOX,41.14,EUR,10984.38,2025-06-12,2025-06-24,2025-06-20,460053235,Z999,Approved,BUYER12,BUYER12,4
4500521,00010,0000100053,Zephyr Industrie GmbH,MAT-100035,Low-friction cartridge type 6 (Office and facility supplies),MG35,1000,1000,P04,1020,298.0,BOX,44.05,EUR,13126.9,2025-07-09,2025-08-08,2025-08-07,460053235,NT45,Approved,BUYER12,BUYER12,1
4500521,00020,0000100053,Zephyr Industrie GmbH,MAT-100434,Insulated pulley type 23 (Raw steel and metals),MG20,1000,1000,P04,1020,70.0,TO,12.17,EUR,851.9,2025-07-09,2025-08-08,2025-08-07,460053634,NT45,Approved,BUYER12,BUYER12,0
4500522,00010,0000100053,Zephyr Industrie GmbH,MAT-100035,Low-friction cartridge type 6 (Office and facility supplies),MG35,1000,1000,P02,1020,226.0,BOX,41.37,EUR,9349.62,2025-08-15,2025-08-29,2025-08-27,460053235,NT45,Approved,BUYER12,BUYER12,0
4500522,00020,0000100053,Zephyr Industrie GmbH,MAT-100434,Insulated pulley type 23 (Raw steel and metals),MG20,1000,1000,P02,1020,226.0,TO,11.73,EUR,2650.98,2025-08-15,2025-08-29,2025-08-27,460053634,NT45,Approved,BUYER12,BUYER12,1
4500523,00010,0000100053,Zephyr Industrie GmbH,MAT-100035,Low-friction cartridge type 6 (Office and facility supplies),MG35,1000,1000,P05,1020,315.0,BOX,41.97,EUR,13220.55,2025-09-10,2025-09-29,2025-10-01,460053235,NT45,Approved,BUYER06,BUYER06,2
4500523,00020,0000100053,Zephyr Industrie GmbH,MAT-100434,Insulated pulley type 23 (Raw steel and metals),MG20,1000,1000,P05,1020,338.0,TO,11.55,EUR,3903.9,2025-09-10,2025-09-29,2025-10-01,460053634,NT45,Approved,BUYER06,BUYER06,4
4500524,00010,0000100053,Zephyr Industrie GmbH,MAT-100434,Insulated pulley type 23 (Raw steel and metals),MG20,1000,1000,P03,1010,34.0,TO,11.77,EUR,400.18,2025-10-04,2025-11-10,2025-11-05,460053634,NT45,Open,BUYER03,BUYER03,0
4500525,00010,0000100053,Zephyr Industrie GmbH,MAT-100434,Insulated pulley type 23 (Raw steel and metals),MG20,1000,1000,P03,1020,282.0,TO,12.3,EUR,3468.6,2025-11-08,2025-11-26,2025-11-24,460053634,NT45,Approved,BUYER12,BUYER12,2
4500525,00020,0000100053,Zephyr Industrie GmbH,MAT-100035,Low-friction cartridge type 6 (Office and facility supplies),MG35,1000,1000,P03,1020,374.0,BOX,41.28,EUR,15438.72,2025-11-08,2025-11-26,2025-11-24,460053235,NT45,Approved,BUYER12,BUYER12,4
4500525,00030,0000100053,Zephyr Industrie GmbH,MAT-100434,Insulated pulley type 23 (Raw steel and metals),MG20,1000,1000,P03,1020,282.0,TO,12.3,EUR,3468.6,2025-11-08,2025-11-26,2025-11-24,460053634,NT45,Approved,BUYER12,BUYER12,2
4500526,00010,0000100054,Alderford Technologies Oy,MAT-100217,Compact connector type 32 (Maintenance services),MG45,2000,2000,P03,2010,25.0,EA,121.61,USD,3040.25,2025-01-17,2025-02-19,2025-02-14,460054417,Z045,Approved,BUYER04,BUYER04,0
4500526,00020,0000100054,Alderford Technologies Oy,MAT-100000,Insulated membrane type 1 (Electrical components),MG10,2000,2000,P03,2010,19.0,EA,118.32,USD,2248.08,2025-01-17,2025-02-19,2025-02-14,,Z045,Approved,BUYER04,BUYER04,0
4500526,00030,0000100054,Alderford Technologies Oy,MAT-100098,Precision adapter type 15 (Raw steel and metals),MG20,2000,2000,P03,2010,350.0,TO,16.43,USD,5750.5,2025-01-17,2025-02-19,2025-02-14,460054298,Z045,Approved,BUYER04,BUYER04,1
4500526,00040,0000100054,Alderford Technologies Oy,MAT-100119,High-temperature connector type 18 (Office and facility supplies),MG35,2000,2000,P03,2010,107.0,PC,60.62,USD,6486.34,2025-01-17,2025-02-19,2025-02-14,460054319,Z045,Approved,BUYER04,BUYER04,2
4500527,00010,0000100054,Alderford Technologies Oy,MAT-100119,High-temperature connector type 18 (Office and facility supplies),MG35,2000,2000,P06,2020,226.0,PC,60.48,USD,13668.48,2025-03-02,2025-03-22,2025-03-23,460054319,Z045,Approved,BUYER08,BUYER08,0
4500527,00020,0000100054,Alderford Technologies Oy,MAT-100392,Compact bearing type 17 (Logistics and freight),MG50,2000,2000,P06,2020,33.0,H,483.26,USD,15947.58,2025-03-02,2025-03-22,2025-03-23,460054592,Z045,Approved,BUYER08,BUYER08,4
4500527,00030,0000100054,Alderford Technologies Oy,MAT-100287,Low-friction membrane type 2 (Office and facility supplies),MG35,2000,2000,P06,2020,277.0,PC,8.26,USD,2288.02,2025-03-02,2025-03-22,2025-03-23,460054487,Z045,Approved,BUYER08,BUYER08,2
4500527,00040,0000100054,Alderford Technologies Oy,MAT-100217,Compact connector type 32 (Maintenance services),MG45,2000,2000,P06,2020,37.0,EA,111.34,USD,4119.58,2025-03-02,2025-03-22,2025-03-23,460054417,Z045,Approved,BUYER08,BUYER08,2
4500528,00010,0000100054,Alderford Technologies Oy,MAT-100098,Precision adapter type 15 (Raw steel and metals),MG20,2000,2000,P01,2010,266.0,TO,15.92,USD,4234.72,2025-03-27,2025-04-12,2025-04-13,460054298,Z045,Open,BUYER07,BUYER07,4
4500529,00010,0000100054,Alderford Technologies Oy,MAT-100098,Precision adapter type 15 (Raw steel and metals),MG20,2000,2000,P01,2020,114.0,TO,16.29,USD,1857.06,2025-05-04,2025-05-25,2025-05-22,460054298,Z045,Approved,BUYER10,BUYER10,2
4500530,00010,0000100054,Alderford Technologies Oy,MAT-100000,Insulated membrane type 1 (Electrical components),MG10,2000,2000,P02,2020,33.0,EA,124.51,USD,4108.83,2025-06-12,2025-07-09,2025-07-06,,Z045,Approved,BUYER07,BUYER07,4
4500531,00010,0000100054,Alderford Technologies Oy,MAT-100217,Compact connector type 32 (Maintenance services),MG45,2000,2000,P04,2010,13.0,EA,118.93,USD,1546.09,2025-07-25,2025-08-28,2025-08-24,460054417,Z045,Approved,BUYER12,BUYER12,3
4500531,00020,0000100054,Alderford Technologies Oy,MAT-100392,Compact bearing type 17 (Logistics and freight),MG50,2000,2000,P04,2010,52.0,H,467.25,USD,24297.0,2025-07-25,2025-08-28,2025-08-24,460054592,Z045,Approved,BUYER12,BUYER12,1
4500531,00030,0000100054,Alderford Technologies Oy,MAT-100021,Heavy-duty membrane type 4 (Packaging materials),MG25,2000,2000,P04,2010,191.0,PC,0.85,USD,162.35,2025-07-25,2025-08-28,2025-08-24,460054221,Z045,Approved,BUYER12,BUYER12,2
4500531,00040,0000100054,Alderford Technologies Oy,MAT-100119,High-temperature connector type 18 (Office and facility supplies),MG35,2000,2000,P04,2010,118.0,PC,59.78,USD,7054.04,2025-07-25,2025-08-28,2025-08-24,460054319,Z045,Approved,BUYER12,BUYER12,1
4500532,00010,0000100054,Alderford Technologies Oy,MAT-100217,Compact connector type 32 (Maintenance services),MG45,2000,2000,P04,2010,33.0,EA,116.51,USD,3844.83,2025-08-30,2025-10-14,2025-10-11,460054417,Z045,Approved,BUYER12,BUYER12,2
4500533,00010,0000100054,Alderford Technologies Oy,MAT-100119,High-temperature connector type 18 (Office and facility supplies),MG35,2000,2000,P02,2020,388.0,PC,57.43,USD,22282.84,2025-10-07,2025-10-24,2025-10-24,460054319,Z045,Approved,BUYER11,BUYER11,0
4500533,00020,0000100054,Alderford Technologies Oy,MAT-100287,Low-friction membrane type 2 (Office and facility supplies),MG35,2000,2000,P02,2020,302.0,PC,8.6,USD,2597.2,2025-10-07,2025-10-24,2025-10-24,460054487,Z045,Approved,BUYER11,BUYER11,1
4500534,00010,0000100054,Alderford Technologies Oy,MAT-100217,Compact connector type 32 (Maintenance services),MG45,2000,2000,P06,2010,50.0,EA,117.19,USD,5859.5,2025-11-07,2025-12-08,2025-12-07,460054417,Z045,Approved,BUYER10,BUYER10,3
4500535,00010,0000100054,Alderford Technologies Oy,MAT-100392,Compact bearing type 17 (Logistics and freight),MG50,2000,2000,P05,2020,49.0,H,480.04,USD,23521.96,2025-12-10,2025-12-29,2025-12-27,460054592,Z045,Approved,BUYER05,BUYER05,3
4500535,00020,0000100054,Alderford Technologies Oy,MAT-100000,Insulated membrane type 1 (Electrical components),MG10,2000,2000,P05,2020,26.0,EA,120.31,USD,3128.06,2025-12-10,2025-12-29,2025-12-27,,Z045,Approved,BUYER05,BUYER05,4
4500536,00010,0000100055,Bexley Components SA,MAT-100070,Compact housing type 11 (Safety equipment),MG60,3000,3000,P04,3010,27.0,PC,70.95,GBP,1915.65,2025-01-15,2025-02-15,2025-02-16,460055270,NT60,Open,BUYER10,BUYER10,4
4500537,00010,0000100055,Bexley Components SA,MAT-100238,Industrial sensor type 35 (Safety equipment),MG60,3000,3000,P02,3010,57.0,PC,209.16,GBP,11922.12,2025-02-09,2025-03-23,2025-03-20,460055438,NT60,Approved,BUYER03,BUYER03,4
4500537,00020,0000100055,Bexley Components SA,MAT-100448,Heavy-duty sensor type 25 (Chemicals and lubricants),MG30,3000,3000,P02,3010,105.0,L,25.14,GBP,2639.7,2025-02-09,2025-03-23,2025-03-20,460055648,NT60,Approved,BUYER03,BUYER03,1
4500538,00010,0000100055,Bexley Components SA,MAT-100553,Reinforced gasket type 40 (Maintenance services),MG45,3000,3000,P04,3010,373.0,EA,71.81,GBP,26785.13,2025-03-14,2025-04-02,2025-04-01,460055753,NT60,Approved,BUYER10,BUYER10,4
4500538,00020,0000100055,Bexley Components SA,MAT-100238,Industrial sensor type 35 (Safety equipment),MG60,3000,3000,P04,3010,17.0,PC,194.51,GBP,3306.67,2025-03-14,2025-04-02,2025-04-01,460055438,NT60,Approved,BUYER10,BUYER10,1
4500538,00030,0000100055,Bexley Components SA,MAT-100070,Compact housing type 11 (Safety equipment),MG60,3000,3000,P04,3010,288.0,PC,69.15,GBP,19915.2,2025-03-14,2025-04-02,2025-04-01,460055270,NT60,Approved,BUYER10,BUYER10,4
4500538,00040,0000100055,Bexley Components SA,MAT-100616,Compact sensor type 9 (Chemicals and lubricants),MG30,3000,3000,P04,3010,171.0,L,17.44,GBP,2982.24,2025-03-14,2025-04-02,2025-04-01,460055816,NT60,Approved,BUYER10,BUYER10,3
4500539,00010,0000100055,Bexley Components SA,MAT-100448,Heavy-duty sensor type 25 (Chemicals and lubricants),MG30,3000,3000,P03,3010,265.0,L,26.08,GBP,6911.2,2025-04-08,2025-05-20,2025-05-20,460055648,NT60,Approved,BUYER11,BUYER11,3
4500539,00020,0000100055,Bexley Components SA,MAT-100238,Industrial sensor type 35 (Safety equipment),MG60,3000,3000,P03,3010,54.0,PC,203.6,USD,10994.4,2025-04-08,2025-05-20,2025-05-20,460055438,NT60,Approved,BUYER11,BUYER11,1
4500540,00010,0000100055,Bexley Components SA,MAT-100070,Compact housing type 11 (Safety equipment),MG60,3000,3000,P05,3010,199.0,PC,71.26,GBP,14180.74,2025-05-10,2025-06-20,2025-06-19,460055270,NT60,Approved,BUYER07,BUYER07,1
4500541,00010,0000100055,Bexley Components SA,MAT-100616,Compact sensor type 9 (Chemicals and lubricants),MG30,3000,3000,P03,3010,50.0,L,18.72,GBP,936.0,2025-06-08,2025-07-21,2025-07-24,460055816,NT60,Approved,BUYER07,BUYER07,1
4500541,00020,0000100055,Bexley Components SA,MAT-100238,Industrial sensor type 35 (Safety equipment),MG60,3000,3000,P03,3010,37.0,PC,192.65,GBP,7128.05,2025-06-08,2025-07-21,2025-07-24,460055438,NT60,Approved,BUYER07,BUYER07,4
4500541,00030,0000100055,Bexley Components SA,MAT-100448,Heavy-duty sensor type 25 (Chemicals and lubricants),MG30,3000,3000,P03,3010,225.0,L,27.34,GBP,6151.5,2025-06-08,2025-07-21,2025-07-24,460055648,NT60,Approved,BUYER07,BUYER07,0
4500541,00040,0000100055,Bexley Components SA,MAT-100553,Reinforced gasket type 40 (Maintenance services),MG45,3000,3000,P03,3010,148.0,EA,69.4,GBP,10271.2,2025-06-08,2025-07-21,2025-07-24,460055753,NT60,Approved,BUYER07,BUYER07,2
4500542,00010,0000100055,Bexley Components SA,MAT-100553,Reinforced gasket type 40 (Maintenance services),MG45,3000,3000,P05,3010,362.0,EA,71.78,GBP,25984.36,2025-07-01,2025-08-08,2025-08-04,460055753,NT60,Approved,BUYER12,BUYER12,2
4500543,00010,0000100055,Bexley Components SA,MAT-100070,Compact housing type 11 (Safety equipment),MG60,3000,3000,P04,3010,329.0,PC,68.94,GBP,22681.26,2025-08-05,2025-09-08,2025-09-07,460055270,NT60,Approved,BUYER01,BUYER01,2
4500543,00020,0000100055,Bexley Components SA,MAT-100616,Compact sensor type 9 (Chemicals and lubricants),MG30,3000,3000,P04,3010,129.0,L,17.98,GBP,2319.42,2025-08-05,2025-09-08,2025-09-07,460055816,NT60,Approved,BUYER01,BUYER01,2
4500543,00030,0000100055,Bexley Components SA,MAT-100238,Industrial sensor type 35 (Safety equipment),MG60,3000,3000,P04,3010,24.0,PC,196.14,GBP,4707.36,2025-08-05,2025-09-08,2025-09-07,460055438,NT60,Approved,BUYER01,BUYER01,1
4500543,00040,0000100055,Bexley Components SA,MAT-100448,Heavy-duty sensor type 25 (Chemicals and lubricants),MG30,3000,3000,P04,3010,323.0,L,26.9,GBP,8688.7,2025-08-05,2025-09-08,2025-09-07,460055648,NT60,Approved,BUYER01,BUYER01,1
4500544,00010,0000100055,Bexley Components SA,MAT-100238,Industrial sensor type 35 (Safety equipment),MG60,3000,3000,P02,3010,60.0,PC,210.06,GBP,12603.6,2025-08-31,2025-09-25,2025-09-26,460055438,NT60,Approved,BUYER10,BUYER10,1
4500544,00020,0000100055,Bexley Components SA,MAT-100616,Compact sensor type 9 (Chemicals and lubricants),MG30,3000,3000,P02,3010,256.0,L,17.67,GBP,4523.52,2025-08-31,2025-09-25,2025-09-26,460055816,NT60,Approved,BUYER10,BUYER10,3
4500545,00010,0000100055,Bexley Components SA,MAT-100553,Reinforced gasket type 40 (Maintenance services),MG45,3000,3000,P03,3010,233.0,EA,68.29,GBP,15911.57,2025-09-22,2025-10-07,2025-10-06,460055753,NT60,Approved,BUYER04,BUYER04,2
4500545,00020,0000100055,Bexley Components SA,MAT-100616,Compact sensor type 9 (Chemicals and lubricants),MG30,3000,3000,P03,3010,141.0,L,17.02,GBP,2399.82,2025-09-22,2025-10-07,2025-10-06,460055816,NT60,Approved,BUYER04,BUYER04,3
4500545,00030,0000100055,Bexley Components SA,MAT-100238,Industrial sensor type 35 (Safety equipment),MG60,3000,3000,P03,3010,55.0,PC,198.62,GBP,10924.1,2025-09-22,2025-10-07,2025-10-06,460055438,NT60,Approved,BUYER04,BUYER04,0
4500546,00010,0000100055,Bexley Components SA,MAT-100553,Reinforced gasket type 40 (Maintenance services),MG45,3000,3000,P05,3010,133.0,EA,69.94,GBP,9302.02,2025-10-15,2025-11-22,2025-11-20,460055753,NT60,Approved,BUYER04,BUYER04,0
4500547,00010,0000100055,Bexley Components SA,MAT-100616,Compact sensor type 9 (Chemicals and lubricants),MG30,3000,3000,P06,3010,357.0,L,17.78,GBP,6347.46,2025-11-13,2025-12-11,2025-12-10,460055816,NT60,Approved,BUYER10,BUYER10,1
4500547,00020,0000100055,Bexley Components SA,MAT-100448,Heavy-duty sensor type 25 (Chemicals and lubricants),MG30,3000,3000,P06,3010,247.0,L,27.41,GBP,6770.27,2025-11-13,2025-12-11,2025-12-10,460055648,NT60,Approved,BUYER10,BUYER10,0
4500548,00010,0000100042,Milbrook Logistics AS,MAT-100420,Industrial pulley type 21 (Electrical components),MG10,2000,2000,P01,2010,35.21,PC,463.06,USD,16304.34,2025-09-26,2025-10-23,2025-10-19,,NT30,Approved,BUYER04,BUYER04,0
4500548,00020,0000100042,Milbrook Logistics AS,MAT-100231,Modular housing type 34 (Laboratory equipment),MG55,2000,2000,P01,2010,8.0,PC,2020.0,USD,16160.0,2025-09-26,2025-10-23,2025-10-19,460042431,NT30,Approved,BUYER04,BUYER04,0
4500549,00010,0000100029,Yarrow Systems Inc,MAT-100119,High-temperature connector type 18 (Office and facility supplies),MG35,1000,1000,P05,1010,365.0,PC,56.7,EUR,20695.5,2025-08-07,2025-08-22,2025-08-24,460029319,NT45,Approved,BUYER04,BUYER04,0
4500549,00020,0000100029,Yarrow Systems Inc,MAT-100189,Reinforced connector type 28 (Packaging materials),MG25,1000,1000,P05,1010,268.0,PC,9.23,EUR,2473.64,2025-08-07,2025-08-22,2025-08-24,460029389,NT45,Approved,BUYER04,BUYER04,0
4500550,00010,0000100053,Zephyr Industrie GmbH,MAT-100035,Low-friction cartridge type 6 (Office and facility supplies),MG35,1000,1000,P05,1020,315.0,BOX,41.97,EUR,13220.55,2025-09-12,2025-10-01,2025-10-03,460053235,NT45,Approved,BUYER06,BUYER06,0
4500550,00020,0000100053,Zephyr Industrie GmbH,MAT-100434,Insulated pulley type 23 (Raw steel and metals),MG20,1000,1000,P05,1020,338.0,TO,11.55,EUR,3903.9,2025-09-12,2025-10-01,2025-10-03,460053634,NT45,Approved,BUYER06,BUYER06,0
4500551,00010,0000100053,Zephyr Industrie GmbH,MAT-100035,Low-friction cartridge type 6 (Office and facility supplies),MG35,1000,1000,P06,1020,197.0,BOX,43.71,EUR,8610.87,2025-01-13,2025-02-25,2025-02-28,460053235,NT45,Approved,BUYER06,BUYER06,0
4500551,00020,0000100053,Zephyr Industrie GmbH,MAT-100434,Insulated pulley type 23 (Raw steel and metals),MG20,1000,1000,P06,1020,188.0,TO,12.55,EUR,2359.4,2025-01-13,2025-02-25,2025-02-28,460053634,NT45,Approved,BUYER06,BUYER06,0
4500552,00010,0000100004,Ravenna Materials SpA,MAT-100035,Low-friction cartridge type 6 (Office and facility supplies),MG35,4000,4000,P02,4010,189.69,BOX,41.17,CHF,7809.54,2025-06-09,2025-06-30,2025-07-01,460004235,Z060,Approved,BUYER07,BUYER07,1
4500553,00010,0000100004,Ravenna Materials SpA,MAT-100035,Low-friction cartridge type 6 (Office and facility supplies),MG35,4000,4000,P02,4010,191.36,BOX,41.17,CHF,7878.29,2025-06-11,2025-07-02,2025-07-03,460004235,Z060,Approved,BUYER07,BUYER07,1
4500554,00010,0000100004,Ravenna Materials SpA,MAT-100035,Low-friction cartridge type 6 (Office and facility supplies),MG35,4000,4000,P02,4010,203.57,BOX,41.17,CHF,8380.98,2025-06-13,2025-07-04,2025-07-05,460004235,Z060,Approved,BUYER07,BUYER07,1
4500555,00010,0000100004,Ravenna Materials SpA,MAT-100035,Low-friction cartridge type 6 (Office and facility supplies),MG35,4000,4000,P02,4010,201.54,BOX,41.17,CHF,8297.4,2025-06-14,2025-07-05,2025-07-06,460004235,Z060,Approved,BUYER07,BUYER07,1
4500556,00010,0000100020,Orchard Technologies Oy,MAT-100028,Heavy-duty gasket type 5 (Chemicals and lubricants),MG30,4000,4000,P02,4010,599.81,KG,13.02,CHF,7809.53,2025-06-26,2025-07-17,2025-07-18,460020228,Z030,Approved,BUYER07,BUYER07,1
4500557,00010,0000100020,Orchard Technologies Oy,MAT-100028,Heavy-duty gasket type 5 (Chemicals and lubricants),MG30,4000,4000,P02,4010,605.08,KG,13.02,CHF,7878.14,2025-06-28,2025-07-19,2025-07-20,460020228,Z030,Approved,BUYER07,BUYER07,1
4500558,00010,0000100020,Orchard Technologies Oy,MAT-100028,Heavy-duty gasket type 5 (Chemicals and lubricants),MG30,4000,4000,P02,4010,643.7,KG,13.02,CHF,8380.97,2025-06-30,2025-07-21,2025-07-22,460020228,Z030,Approved,BUYER07,BUYER07,1
4500559,00010,0000100020,Orchard Technologies Oy,MAT-100028,Heavy-duty gasket type 5 (Chemicals and lubricants),MG30,4000,4000,P02,4010,637.26,KG,13.02,CHF,8297.13,2025-07-01,2025-07-22,2025-07-23,460020228,Z030,Approved,BUYER07,BUYER07,1
4500560,00010,0000100035,Eastvale Manufacturing AG,MAT-100084,Stainless connector type 13 (Electrical components),MG10,3000,3000,P02,3010,24.14,EA,290.34,GBP,7008.81,2025-06-15,2025-07-06,2025-07-07,,Z030,Approved,BUYER07,BUYER07,1
4500561,00010,0000100035,Eastvale Manufacturing AG,MAT-100084,Stainless connector type 13 (Electrical components),MG10,3000,3000,P02,3010,24.35,EA,290.34,GBP,7069.78,2025-06-17,2025-07-08,2025-07-09,,Z030,Approved,BUYER07,BUYER07,1
4500562,00010,0000100035,Eastvale Manufacturing AG,MAT-100084,Stainless connector type 13 (Electrical components),MG10,3000,3000,P02,3010,25.91,EA,290.34,GBP,7522.71,2025-06-19,2025-07-10,2025-07-11,,Z030,Approved,BUYER07,BUYER07,1
4500563,00010,0000100035,Eastvale Manufacturing AG,MAT-100084,Stainless connector type 13 (Electrical components),MG10,3000,3000,P02,3010,25.64,EA,290.34,GBP,7444.32,2025-06-20,2025-07-11,2025-07-12,,Z030,Approved,BUYER07,BUYER07,1
4500564,00010,0000100001,Nordwind Industrie GmbH,MAT-100385,Compact gasket type 16 (Maintenance services),MG45,1000,1000,P01,1010,68.2,EA,145.2,EUR,9902.64,2025-04-07,2025-04-27,2025-04-28,460001585,NT30,Approved,BUYER03,BUYER12,2
4500565,00010,0000100006,Alpenrose Logistics AS,MAT-100399,Reinforced terminal block type 18 (Laboratory equipment),MG55,2000,2000,P01,2010,4.15,EA,2602.08,USD,10798.63,2025-04-18,2025-05-08,2025-05-09,460006599,NT30,Approved,BUYER05,BUYER10,0
4500566,00010,0000100011,Ember Trading BV,MAT-100315,Modular pulley type 6 (Laboratory equipment),MG55,3000,3000,P04,3010,17.25,PC,1328.72,GBP,22920.42,2025-04-29,2025-05-19,2025-05-20,460011515,NT60,Approved,BUYER11,BUYER04,1
4500566,00020,0000100011,Ember Trading BV,MAT-100315,Modular pulley type 6 (Laboratory equipment),MG55,3000,3000,P05,3010,14.59,PC,1328.72,GBP,19386.02,2025-04-29,2025-05-19,2025-05-20,460011515,NT60,Approved,BUYER02,BUYER12,3
4500567,00010,0000100016,Juniper Trading BV,MAT-100399,Reinforced terminal block type 18 (Laboratory equipment),MG55,4000,4000,P02,4010,10.46,EA,2279.91,CHF,23847.86,2025-05-10,2025-05-30,2025-05-31,460016599,Z060,Approved,BUYER01,BUYER10,3
4500567,00020,0000100016,Juniper Trading BV,MAT-100399,Reinforced terminal block type 18 (Laboratory equipment),MG55,4000,4000,P06,4010,10.05,EA,2279.91,CHF,22913.1,2025-05-10,2025-05-30,2025-05-31,460016599,Z060,Approved,BUYER08,BUYER02,2
4500568,00010,0000100021,Pinnacle Systems Inc,MAT-100490,Industrial sensor type 31 (Safety equipment),MG60,1000,1000,P04,1010,190.05,BOX,206.58,EUR,39260.53,2025-05-21,2025-06-10,2025-06-11,460021690,Z060,Approved,BUYER05,BUYER10,0
4500568,00020,0000100021,Pinnacle Systems Inc,MAT-100490,Industrial sensor type 31 (Safety equipment),MG60,1000,1000,P04,1010,216.45,BOX,206.58,EUR,44714.24,2025-05-21,2025-06-10,2025-06-11,460021690,Z060,Approved,BUYER11,BUYER07,1
4500568,00030,0000100021,Pinnacle Systems Inc,MAT-100490,Industrial sensor type 31 (Safety equipment),MG60,1000,1000,P04,1010,195.57,BOX,206.58,EUR,40400.85,2025-05-21,2025-06-10,2025-06-11,460021690,Z060,Approved,BUYER07,BUYER02,0
4500568,00040,0000100021,Pinnacle Systems Inc,MAT-100490,Industrial sensor type 31 (Safety equipment),MG60,1000,1000,P01,1010,201.7,BOX,206.58,EUR,41667.19,2025-05-21,2025-06-10,2025-06-11,460021690,Z060,Approved,BUYER07,BUYER04,0
4500568,00050,0000100021,Pinnacle Systems Inc,MAT-100490,Industrial sensor type 31 (Safety equipment),MG60,1000,1000,P03,1010,156.78,BOX,206.58,EUR,32387.61,2025-05-21,2025-06-10,2025-06-11,460021690,Z060,Approved,BUYER07,BUYER05,2
4500568,00060,0000100021,Pinnacle Systems Inc,MAT-100490,Industrial sensor type 31 (Safety equipment),MG60,1000,1000,P04,1010,238.79,BOX,206.58,EUR,49329.24,2025-05-21,2025-06-10,2025-06-11,460021690,Z060,Approved,BUYER01,BUYER04,0
4500569,00010,0000100005,Kestrel Industrie GmbH,MAT-100210,Modular bracket type 31 (IT hardware),MG40,1000,1000,P02,1010,16.95,EA,2397.08,EUR,40630.51,2025-03-10,2025-03-30,2025-03-31,,NT45,Approved,BUYER02,BUYER10,1
4500570,00010,0000100006,Alpenrose Logistics AS,MAT-100546,Industrial housing type 39 (IT hardware),MG40,2000,2000,P02,2010,17.62,PC,2140.68,USD,37718.78,2025-03-23,2025-04-12,2025-04-13,,NT30,Approved,BUYER04,BUYER11,1
4500571,00010,0000100007,Silverline Industrie GmbH,MAT-100420,Industrial pulley type 21 (Electrical components),MG10,3000,3000,P01,3010,102.23,PC,377.84,GBP,38626.58,2025-04-05,2025-04-25,2025-04-26,,NT60,Approved,BUYER07,BUYER10,1
4500572,00010,0000100008,Bramble Manufacturing AG,MAT-100210,Modular bracket type 31 (IT hardware),MG40,4000,4000,P01,4010,15.52,EA,2282.93,CHF,35431.07,2025-04-18,2025-05-08,2025-05-09,,Z045,Approved,BUYER05,BUYER05,3
4500573,00010,0000100010,Driftwood Technologies Oy,MAT-100252,Insulated connector type 37 (Electrical components),MG10,2000,2000,P02,2010,130.51,PC,370.32,USD,48330.46,2025-05-01,2025-05-21,2025-05-22,,NT60,Approved,BUYER12,BUYER01,3
4500574,00010,0000100039,Inverness Logistics AS,MAT-100483,Insulated coupling type 30 (Laboratory equipment),MG55,3000,3000,P05,3010,16.0,EA,2679.58,GBP,42873.28,2025-09-08,2025-09-26,2025-09-27,,NT30,Approved,BUYER04,BUYER04,2
4500575,00010,0000100045,Pemberton Logistics AS,MAT-100035,Low-friction cartridge type 6 (Office and facility supplies),MG35,1000,1000,P05,1010,22.0,BOX,51.68,EUR,1136.96,2025-09-11,2025-09-29,2025-09-30,,Z045,Approved,BUYER04,BUYER04,2
4500576,00010,0000100044,Oakfield Components SA,MAT-100280,Insulated terminal block type 1 (Chemicals and lubricants),MG30,4000,4000,P05,4010,45.0,KG,27.33,CHF,1229.85,2025-09-14,2025-10-02,2025-10-03,,Z060,Approved,BUYER04,BUYER04,2
4500577,00010,0000100018,Meridian Technologies Oy,MAT-100385,Compact gasket type 16 (Maintenance services),MG45,2000,2000,P05,2010,52.0,EA,181.17,USD,9420.84,2025-09-17,2025-10-05,2025-10-06,,NT60,Approved,BUYER04,BUYER04,2
4500578,00010,0000100006,Alpenrose Logistics AS,MAT-100245,Reinforced relay type 36 (Specialised tooling),MG90,2000,2000,P05,2010,14.0,EA,2663.59,USD,37290.26,2025-09-20,2025-10-08,2025-10-09,,NT30,Approved,BUYER04,BUYER04,2
